,Reaction ID,Reaction Name,Flux in Glucose Only,Flux in Acetate Only,Difference in Flux
0,rxn05319_c0,TRANS-RXNBWI-115401.ce.maizeexp.OH_c0,-44.63691621825115,-7.66055481199958,36.97636140625157
1,EX_cpd00001_e0,Exchange for H2O_e0,44.63691621825115,7.66055481199958,36.97636140625157
2,rxn01100_c0,ATP:3-phospho-D-glycerate 1-phosphotransferase_c0,-28.439627588809792,-4.102997076164958,24.336630512644835
3,rxn00781_c0,D-glyceraldehyde-3-phosphate:NAD+ oxidoreductase (phosphorylating)_c0,28.43962758880979,4.102997076164958,24.33663051264483
4,rxn00548_c0,D-fructose-6-phosphate D-erythrose-4-phosphate-lyase (adding phosphate; acetyl-phosphate-forming)_c0,0.0,-19.836335752226915,19.836335752226915
5,rxn07191_c0,D-glyceraldehyde-3-phosphate:ferredoxin oxidoreductase_c0,-20.0114117528007,-4.3423437432312975,15.669068009569404
6,rxn00225_c0,ATP:acetate phosphotransferase_c0,-5.081490256559837,9.48453585421854,14.566026110778378
7,EX_cpd00013_e0,Exchange for NH3_e0,-14.864948387500304,-2.4794347378764825,12.385513649623821
8,rxn05466_c0,TRANS-RXN-173.ce_c0,14.864948387500304,2.4794347378764825,12.385513649623821
9,rxn00173_c0,acetyl-CoA:phosphate acetyltransferase_c0,0.0,10.605046330481814,10.605046330481814
10,rxn00785_c0,D-Fructose 6-phosphate:D-glyceraldehyde-3-phosphate glycolaldehyde transferase_c0,2.8907932255544573,13.322078381883541,10.431285156329084
11,rxn05226_c0,D-glucose transport via PEP:Pyr PTS_c0,10.00000000000001,0.0,10.00000000000001
12,EX_cpd00029_e0,Exchange for Acetate_e0,0.0,-10.0,10.0
13,EX_cpd00027_e0,Exchange for D-Glucose_e0,-10.0,0.0,10.0
14,rxn08063_c0,Acetate transport via diffusion (extracellular to periplasm)_c0,0.0,-9.999999999999583,9.999999999999583
15,rxn00558_c0,D-glucose-6-phosphate aldose-ketose-isomerase_c0,9.86189157007917,-0.021030745284638816,9.882922315363809
16,rxn01333_c0,sedoheptulose-7-phosphate:D-glyceraldehyde-3-phosphate glyceronetransferase_c0,-2.439475554287156,6.582982697192136,9.022458251479293
17,rxn01200_c0,Sedoheptulose-7-phosphate:D-glyceraldehyde-3-phosphate glycolaldehyde transferase_c0,2.3289888103504848,-6.599807293419848,8.928796103770333
18,rxn00500_c0,(R)-Lactate:NAD+ oxidoreductase_c0,4.202358187447724,13.026069877493677,8.823711690045954
19,rxn01274_c0,(R)-S-Lactoylglutathione hydrolase_c0,4.202358187447723,13.026069877493669,8.823711690045945
20,rxn01834_c0,(R)-S-Lactoylglutathione methylglyoxal-lyase (isomerizing)_c0,-4.202358187447723,-13.026069877493667,8.823711690045943
21,rxn00748_c0,glycerone-phosphate phosphate-lyase (methylglyoxal-forming)_c0,4.2023581874477225,13.026069877493665,8.823711690045943
22,rxn00545_c0,ATP:D-fructose-6-phosphate 1-phosphotransferase_c0,4.418036926158946,13.058912801128,8.640875874969055
23,rxn00786_c0,"D-fructose-1,6-bisphosphate D-glyceraldehyde-3-phosphate-lyase (glycerone-phosphate-forming)_c0",4.418036926158946,13.058912801128,8.640875874969055
24,rxn00459_c0,2-phospho-D-glycerate hydro-lyase (phosphoenolpyruvate-forming)_c0,8.143497708180346,-0.28270270570726624,8.426200413887612
25,rxn00777_c0,D-ribose-5-phosphate aldose-ketose-isomerase_c0,1.5247718305551703,-6.722271088463693,8.247042919018863
26,rxn01116_c0,D-Ribulose-5-phosphate 3-epimerase_c0,1.52477183055517,-6.7222710884636925,8.247042919018863
27,rxn01106_c0,"2-Phospho-D-glycerate 2,3-phosphomutase_c0",-8.143497708180346,0.0,8.143497708180346
28,rxn00929_c0,L-Proline:NAD+ 5-oxidoreductase_c0,-9.235729208484786,-1.4063896650832242,7.829339543401562
29,rxn00931_c0,L-Proline:NADP+ 5-oxidoreductase_c0,9.032128049704022,1.3753858797789542,7.656742169925068
30,rxn00804_c0,L-leucine:NAD+ oxidoreductase (deaminating)_c0,-8.343545494142328,-1.2705305545697627,7.073014939572565
31,rxn01187_c0,D-Xylulose 5-phosphate D-glyceraldehyde-3-phosphate-lyase (adding phosphate; acetyl-phosphate-forming)_c0,6.744553866460112,0.0,6.744553866460112
32,rxn00806_c0,L-Leucine:2-oxoglutarate aminotransferase_c0,7.9289663230017915,1.2073996584067204,6.721566664595072
33,rxn09176_c0,polyphosphate kinase_c0,-6.512627424740994,-0.733393502219598,5.779233922521396
34,EX_cpd00047_e0,Exchange for Formate_e0,6.6627578771620755,11.877961729682054,5.215203852519979
35,rxn05559_c0,formate transport in via proton symport_c0,-6.6627578771620755,-11.877961729682054,5.215203852519979
36,rxn00097_c0,ATP:AMP phosphotransferase_c0,5.166893311877003,0.5284690717216418,4.638424240155361
37,rxn00248_c0,(S)-malate:NAD+ oxidoreductase_c0,5.169405631692787,0.7871818771338898,4.382223754558898
38,rxn00157_c0,Acetyl-CoA:formate C-acetyltransferase_c0,-7.668101748328543,-12.031052535870245,4.362950787541702
39,rxn08173_c0,F(1)-ATPase_c0,34.96467714283523,30.89120097784008,4.073476164995149
40,rxn05893_c0,Ammonia:ferredoxin oxidoreductase_c0,3.525008947601499,0.7526221309964248,2.7723868166050742
41,rxn05625_c0,"nitrite transport in via proton symport, reversible_c0",-3.5239759075541848,-0.7524648226980366,2.771511084856148
42,EX_cpd00075_e0,Exchange for Nitrite_e0,3.5239759075541848,0.7524648226980365,2.771511084856148
43,rxn14421_c0,cytochrome-bo reductase (ubiquinol: 2 protons)_c0,17.56999199999,14.833948095077654,2.7360439049123446
44,rxn14422_c0,cytochrome-bd oxidase (2 protons translocated)_c0,17.56999199999,14.833948095077654,2.7360439049123446
45,rxn10122_c0,NADH dehydrogenase (ubiquinone-8 & 3.5 protons)_c0,17.56999199999,14.83394809507766,2.7360439049123375
46,rxn00237_c0,ATP:GDP phosphotransferase_c0,2.787835396782814,0.07782936070779929,2.710006036075015
47,rxn05221_c0,Na+/Proline-L symporter_c0,-2.692193028229406,-0.40995923178759347,2.2822337964418127
48,rxn05638_c0,TRANS-RXNBWI-115637.ce.maizeexp.PRO_c0,2.692193028229406,0.40995923178759347,2.2822337964418127
49,rxn00304_c0,GTP:pyruvate 2-O-phosphotransferase_c0,2.2767317405109595,0.0,2.2767317405109595
50,rxn00974_c0,citrate hydro-lyase (cis-aconitate-forming)_c0,2.6792062151547977,0.40798163811027427,2.2712245770445234
51,rxn00330_c0,"acetyl-CoA:glyoxylate C-acetyltransferase (thioester-hydrolysing, carboxymethyl-forming)_c0",-2.6792062151547973,-0.40798163811027416,2.271224577044523
52,rxn00265_c0,citrate oxaloacetate-lyase (forming acetate from the pro-S carboxymethyl group of citrate)_c0,-2.6792062151547973,-0.40798163811027427,2.271224577044523
53,rxn00336_c0,isocitrate glyoxylate-lyase (succinate-forming)_c0,2.6792062151547973,0.4079816381102742,2.271224577044523
54,rxn01388_c0,isocitrate hydro-lyase (cis-aconitate-forming)_c0,-2.6792062151547973,-0.40798163811027427,2.271224577044523
55,rxn00799_c0,(S)-malate hydro-lyase (fumarate-forming)_c0,-2.4901994165379904,-0.3792002390236156,2.110999177514375
56,rxn05468_c0,TRANS-RXNAVI-26568.ce_c0,9.527612650936817,7.5300575257815305,1.9975551251552863
57,EX_cpd00007_e0,Exchange for O2_e0,-9.527612650936817,-7.5300575257815305,1.9975551251552863
58,rxn00175_c0,Acetate:CoA ligase (AMP-forming)_c0,1.6964488378753406,0.0,1.6964488378753406
59,rxn00260_c0,L-Aspartate:2-oxoglutarate aminotransferase_c0,-1.986370076994379,-0.30247858986039816,1.683891487133981
60,rxn00085_c0,L-Glutamate:NADP+ oxidoreductase (transaminating)_c0,1.7543264449272398,0.26714366842422127,1.4871827765030186
61,rxn00102_c0,carbonate hydro-lyase (carbon-dioxide-forming)_c0,-1.662400054152027,-0.25314538815679943,1.4092546659952276
62,rxn05651_c0,sulfate transport in via proton symport_c0,1.59538589894267,0.2429406698099109,1.352445229132759
63,EX_cpd00048_e0,Exchange for Sulfate_e0,-1.59538589894267,-0.2429406698099109,1.352445229132759
64,rxn05256_c0,"AMP,sulfite:thioredoxin-disulfide oxidoreductase(adenosine-5'-phosphosulfate-forming)_c0",1.5922867788007284,0.24246874491474682,1.3498180338859815
65,rxn00379_c0,ATP:sulfate adenylyltransferase_c0,1.5922867788007284,0.24246874491474682,1.3498180338859815
66,rxn00623_c0,hydrogen-sulfide:NADP+ oxidoreductase_c0,-1.5922867788007284,-0.24246874491474685,1.3498180338859815
67,rxn00288_c0,Succinate:(acceptor) oxidoreductase_c0,1.5405642823465104,0.23459259536302393,1.3059716869834865
68,rxn11676_c0,acetyl-phosphate ammonia:thioredoxin disulfide oxidoreductase(glycine-forming)_c0,1.49402773014435,0.22750614614081424,1.2665215840035358
69,rxn06060_c0,Thiosulfate:thiol sulfurtransferase_c0,-1.4418456198964533,-0.21956000795310615,1.2222856119433472
70,rxn00647_c0,L-Cysteine:2-oxoglutarate aminotransferase_c0,-1.4418456198964533,-0.21956000795310615,1.2222856119433472
71,rxn00205_c0,glutathione:hydrogen-peroxide oxidoreductase_c0,1.4418456198964533,0.21956000795310615,1.2222856119433472
72,rxn02229_c0,3-Mercaptopyruvate:cyanide sulfurtransferase_c0,-1.441845619896453,-0.21956000795310612,1.222285611943347
73,EX_cpd00011_e0,Exchange for CO2_e0,1.3601648283678962,0.20712189738837747,1.1530429309795187
74,rxn05467_c0,CO2 transporter via diffusion_c0,-1.3601648283678962,-0.20712189738837747,1.1530429309795187
75,rxn09690_c0,TRANS-RXNBWI-115637.ce.maizeexp.CYS_c0,-1.345353008527939,-0.20486639705112106,1.140486611476818
76,EX_cpd00084_e0,Exchange for L-Cysteine_e0,1.345353008527939,0.20486639705112106,1.140486611476818
77,rxn00533_c0,Acetyl-CoA:carbon-dioxide ligase (ADP-forming)_c0,1.2419341804930695,0.1891180822575943,1.0528160982354753
78,rxn00290_c0,succinyl-CoA:acetoacetate CoA-transferase_c0,-1.1386419328082875,-0.17338904274725025,0.9652528900610373
79,rxn00178_c0,Acetyl-CoA:acetyl-CoA C-acetyltransferase_c0,1.1386419328082875,0.17338904274725025,0.9652528900610373
80,rxn05939_c0,2-oxoglutarate synthase (rev)_c0,1.1386419328082873,0.17338904274725028,0.965252890061037
81,bio1_biomass,GramNegativeBiomass auto biomass,1.1043992751974898,0.16817467161512903,0.9362246035823608
82,rxn13783_c0,DNA replication_c0,1.1043992751974898,0.16817467161512903,0.9362246035823608
83,rxn13782_c0,Protein biosynthesis_c0,1.1043992751974898,0.16817467161512903,0.9362246035823608
84,rxn13784_c0,RNA transcription_c0,1.1043992751974898,0.16817467161512903,0.9362246035823608
85,DM_cpd11416_c0,Demand for Biomass_c0,1.1043992751974898,0.16817467161512903,0.9362246035823608
86,rxn00011_c0,pyruvate:thiamin diphosphate acetaldehydetransferase (decarboxylating)_c0,-1.0768255897179857,-0.16397583193379608,0.9128497577841896
87,rxn05313_c0,phosphate transport in/out via three Na+ symporter_c0,0.8973976760764687,0.13665307726253115,0.7607445988139375
88,EX_cpd00009_e0,Exchange for Phosphate_e0,-0.8973976760764686,-0.13665307726253115,0.7607445988139374
89,rxn02185_c0,2-Acetolactate pyruvate-lyase (carboxylating)_c0,-0.8097834901577105,-0.1233114468608042,0.6864720432969063
90,rxn02186_c0,"2,3-Dihydroxy-3-methylbutanoate:NADP+ oxidoreductase (isomerizing)_c0",0.8097834901577103,0.1233114468608042,0.6864720432969061
91,rxn00898_c0,"2,3-Dihydroxy-3-methylbutanoate hydro-lyase_c0",0.8097834901577103,0.1233114468608042,0.6864720432969061
92,rxn00770_c0,ATP:D-ribose-5-phosphate diphosphotransferase_c0,0.8042169797953146,0.12246379504384512,0.6817531847514695
93,EX_cpd00142_e0,Exchange for Acetoacetate_e0,0.7604245035758471,0.11579520563710755,0.6446292979387396
94,rxn05484_c0,acetoacetate transport via proton symport_c0,-0.7604245035758471,-0.11579520563710756,0.6446292979387396
95,rxn00006_c0,hydrogen-peroxide:hydrogen-peroxide oxidoreductase_c0,-0.7147245696643441,-0.10883615418622516,0.6058884154781189
96,rxn13143_c0,Threonine dehydrogenase_c0,-0.6474927114194227,-0.09859828466174864,0.5488944267576741
97,rxn00278_c0,L-Alanine:NAD+ oxidoreductase (deaminating)_c0,-0.5554754772479444,-0.08458617102924576,0.4708893062186987
98,rxn00113_c0,"Carbon-dioxide:ammonia ligase (ADP-forming,carbamate-phosphorylating)_c0",0.51033623027471,0.07771249933535568,0.4326237309393543
99,rxn00832_c0,"IMP 1,2-hydrolase (decyclizing)_c0",-0.5080045361299133,-0.07735743581263524,0.43064710031727804
100,rxn04784_c0,5-formaminoimidazole-4-carboxamide-1-beta-D-ribofuranosyl 5'-monophosphate synthetase_c0,0.5080045361299131,0.07735743581263524,0.43064710031727793
101,rxn00119_c0,ATP:UMP phosphotransferase_c0,0.5073822132503799,0.07726267031593391,0.430119542934446
102,rxn00251_c0,phosphate:oxaloacetate carboxy-lyase (adding phosphate;phosphoenolpyruvate-forming)_c0,0.5038293395436017,0.07672164916321747,0.4271076903803842
103,rxn02373_c0,L-glutamate-5-semialdehyde:NADP+ 5-oxidoreductase (phosphorylating)_c0,-0.4822511912495294,-0.07343579224089183,0.4088153990086376
104,rxn00179_c0,ATP:L-glutamate 5-phosphotransferase_c0,0.4822511912495295,0.07343579224089185,0.4088153990086376
105,rxn01332_c0,"Phosphoenolpyruvate:D-erythrose-4-phosphate C-(1-carboxyvinyl)transferase (phosphate hydrolysing, 2-carboxy-2-oxoethyl-forming)_c0",0.4482185511253599,0.06825340195359775,0.37996514917176216
106,rxn02212_c0,2-Dehydro-3-deoxy-D-arabino-heptonate 7-phosphate phosphate-lyase (cyclyzing)_c0,0.44821855112535985,0.06825340195359773,0.3799651491717621
107,rxn02213_c0,3-Dehydroquinate hydro-lyase_c0,0.44821855112535985,0.06825340195359775,0.3799651491717621
108,rxn01255_c0,5-O-(1-Carboxyvinyl)-3-phosphoshikimate phosphate-lyase (chorismate-forming)_c0,0.44821855112535985,0.06825340195359775,0.3799651491717621
109,rxn02476_c0,Phosphoenolpyruvate:3-phosphoshikimate 5-O-(1-carboxyvinyl)-transferase_c0,0.4482185511253598,0.06825340195359775,0.37996514917176205
110,rxn01740_c0,Shikimate:NADP+ 3-oxidoreductase_c0,-0.44821855112535974,-0.06825340195359775,0.379965149171762
111,rxn01739_c0,ATP:shikimate 3-phosphotransferase_c0,0.44821855112535974,0.06825340195359775,0.379965149171762
112,rxn02937_c0,2-(Formamido)-N1-(5-phosphoribosyl)acetamidine cyclo-ligase (ADP-forming)_c0,0.423564993800899,0.06449923079436921,0.3590657630065298
113,rxn04783_c0,glycinamide ribonucleotide transformylase_c0,0.42356499380089896,0.0644992307943692,0.35906576300652976
114,rxn02895_c0,5-Phospho-D-ribosylamine:glycine ligase (ADP-forming)_c0,0.42356499380089896,0.0644992307943692,0.35906576300652976
115,rxn03084_c0,5'-Phosphoribosylformylglycinamide:L-glutamine amido-ligase (ADP-forming)_c0,0.42356499380089896,0.0644992307943692,0.35906576300652976
116,rxn00790_c0,5-phosphoribosylamine:diphosphate phospho-alpha-D-ribosyltransferase (glutamate-amidating)_c0,-0.42356499380089896,-0.0644992307943692,0.35906576300652976
117,rxn03136_c0,1-(5'-Phosphoribosyl)-5-amino-4-(N-succinocarboxamide)-imidazole AMP-lyase_c0,0.4204658736589576,0.06402730589920516,0.35643856775975247
118,rxn05229_c0,NCAIR synthetase and NCAIR mutase_c0,0.42046587365895755,0.06402730589920515,0.3564385677597524
119,rxn03147_c0,1-(5-Phosphoribosyl)-5-amino-4-carboxyimidazole:L-aspartate ligase (ADP-forming)_c0,0.42046587365895755,0.06402730589920516,0.35643856775975236
120,rxn00902_c0,"acetyl-CoA:3-methyl-2-oxobutanoate C-acetyltransferase (thioester-hydrolysing, carboxymethyl-forming)_c0",-0.4145791711405375,-0.06313089616304249,0.351448274977495
121,rxn03062_c0,3-Isopropylmalate:NAD+ oxidoreductase_c0,0.41457917114053744,0.06313089616304247,0.351448274977495
122,rxn12193_c0,3-isopropylmalate dehydratase_c0,0.41457917114053744,0.06313089616304247,0.351448274977495
123,rxn01208_c0,R01652_c0,-0.41457917114053744,-0.06313089616304247,0.351448274977495
124,rxn00737_c0,L-threonine ammonia-lyase (2-oxobutanoate-forming)_c0,0.4143841383226089,0.06310119713946857,0.3512829411831403
125,rxn00460_c0,UTP:pyruvate 2-O-phosphotransferase_c0,0.0,0.346694009508172,0.346694009508172
126,rxn00903_c0,L-Valine:2-oxoglutarate aminotransferase_c0,-0.38900607873329107,-0.05923670090743367,0.3297693778258574
127,rxn01501_c0,(R)-Mevalonate:NADP+ oxidoreductase (CoA acylating)_c0,-0.3782174292324403,-0.05759383711014272,0.3206235921222976
128,rxn01607_c0,ATP:(R)-mevalonate 5-phosphotransferase_c0,0.3782174292324403,0.05759383711014274,0.3206235921222975
129,rxn02322_c0,ATP:(R)-5-phosphomevalonate phosphotransferase_c0,0.3782174292324403,0.05759383711014274,0.3206235921222975
130,rxn00829_c0,ATP:(R)-5-diphosphomevalonate carboxy-lyase (adding ATP; isopentenyl-diphosphate-forming)_c0,0.3782174292324402,0.05759383711014272,0.3206235921222975
131,rxn00991_c0,(S)-3-hydroxy-3-methylglutaryl-CoA acetoacetate-lyase (acetyl-CoA-forming)_c0,-0.3782174292324402,-0.057593837110142716,0.3206235921222975
132,rxn01643_c0,L-Aspartate-4-semialdehyde:NADP+ oxidoreductase (phosphorylating)_c0,-0.3459583490692691,-0.052681519314500144,0.29327682975476893
133,rxn00337_c0,ATP:L-aspartate 4-phosphotransferase_c0,0.3459583490692691,0.05268151931450014,0.29327682975476893
134,rxn10484_c0,diaminopimelate dehydrogenase_c0,0.3428592289273278,0.05220959441933609,0.2906496345079917
135,rxn39451_c0,"2,3,4,5-tetrahydrodipicolinate:NAD+ 4-oxidoreductase_c0",-0.34285922892732773,-0.0522095944193361,0.29064963450799164
136,rxn40037_c0,"L-aspartate-4-semialdehyde hydro-lyase [adding pyruvate and cyclizing; (2S,4S)-4-hydroxy-2,3,4,5-tetrahydrodipicolinate-forming]_c0",0.3428592289273277,0.0522095944193361,0.2906496345079916
137,rxn01282_c0,D-Glycerate-2-phosphate phosphohydrolase_c0,0.0,0.28270270570726624,0.28270270570726624
138,rxn01102_c0,ATP:(R)-glycerate 3-phosphotransferase_c0,0.0,0.28270270570726624,0.28270270570726624
139,rxn00412_c0,UTP:L-glutamine amido-ligase (ADP-forming)_c0,0.3291163101400478,0.05011686318889329,0.2789994469511545
140,rxn00313_c0,"meso-2,6-diaminoheptanedioate carboxy-lyase (L-lysine-forming)_c0",0.31523754294316,0.048003445362408324,0.2672340975807517
141,rxn01256_c0,Chorismate pyruvatemutase_c0,0.307025487597281,0.046752937740668445,0.2602725498566125
142,rxn00420_c0,O-phospho-L-serine phosphohydrolase_c0,0.2847181278287446,0.04335603864092637,0.24136208918781826
143,rxn01101_c0,3-Phospho-D-glycerate:NAD+ 2-oxidoreductase_c0,0.2847181278287446,0.043356038640926374,0.24136208918781824
144,rxn02914_c0,3-Phosphoserine:2-oxoglutarate aminotransferase_c0,-0.2847181278287446,-0.043356038640926374,0.24136208918781824
145,rxn01434_c0,L-Citrulline:L-aspartate ligase (AMP-forming)_c0,0.2786500324687676,0.04243200693662184,0.23621802553214574
146,rxn00467_c0,L-Ornithine:2-oxo-acid aminotransferase_c0,-0.2786500324687676,-0.042432006936621844,0.23621802553214571
147,rxn01019_c0,Carbamoyl-phosphate:L-ornithine carbamoyltransferase_c0,0.2786500324687676,0.042432006936621844,0.23621802553214571
148,rxn00802_c0,2-(Nomega-L-arginino)succinate arginine-lyase (fumarate-forming)_c0,0.2786500324687675,0.04243200693662184,0.2362180255321457
149,rxn05465_c0,Malonyl-CoA:[acyl-carrier-protein] S-malonyltransferase_c0,0.2756960154444376,0.041982177917200075,0.23371383752723754
150,rxn13838_c0,Hexadecanoyl-[acyl-carrier protein]:malonyl-CoA  C-acyltransferase_c0,-0.27517517104719696,-0.041902865265122505,0.23327230578207447
151,rxn08017_c0,acyl-[acyl-carrier-protein] synthetase  (n-C16:1)_c0,0.2751751710471969,0.041902865265122505,0.23327230578207442
152,rxn10663_c0,Fatty acid oxidation (n-C16:1)_c0,-0.2751751710471969,-0.041902865265122505,0.23327230578207442
153,rxn03435_c0,"(R)-2,3-Dihydroxy-3-methylpentanoate:NADP+ oxidoreductase (isomerizing)_c0",-0.2670420995602752,-0.04066438507299189,0.2263777144872833
154,rxn03194_c0,(S)-2-Aceto-2-hydroxybutanoate pyruvate-lyase (carboxylating)_c0,0.26704209956027514,0.04066438507299189,0.22637771448728325
155,rxn01575_c0,L-Isoleucine:2-oxoglutarate aminotransferase_c0,-0.26704209956027514,-0.04066438507299189,0.22637771448728325
156,rxn03437_c0,"(R)-2,3-Dihydroxy-3-methylpentanoate hydro-lyase_c0",0.26704209956027514,0.04066438507299189,0.22637771448728325
157,rxn03436_c0,(S)-2-Aceto-2-hydroxybutanoate:NADP+ oxidoreductase (isomerizing)_c0,0.26704209956027514,0.040664385072991895,0.22637771448728325
158,rxn00117_c0,ATP:UDP phosphotransferase_c0,0.6731123291553867,0.44919357416567257,0.22391875498971409
159,rxn00239_c0,ATP:GMP phosphotransferase_c0,0.26058442820809974,0.039681029883034596,0.22090339832506514
160,rxn00707_c0,ITP:cytidine 5'-phosphotransferase_c0,-0.220452643476102,0.0,0.220452643476102
161,rxn00837_c0,inosine-5'-phosphate:NADP+ oxidoreductase (aminating)_c0,0.25748530806615827,0.03920910498787054,0.21827620307828774
162,rxn00838_c0,IMP:L-aspartate ligase (GDP-forming)_c0,0.2505192280637548,0.038148330824764695,0.2123708972389901
163,rxn00800_c0,"N6-(1,2-dicarboxyethyl)AMP AMP-lyase (fumarate-forming)_c0",0.2505192280637547,0.038148330824764695,0.21237089723899
164,rxn00715_c0,ITP:uridine 5'-phosphotransferase_c0,0.20084392241997387,0.0,0.20084392241997387
165,rxn01465_c0,(S)-dihydroorotate amidohydrolase_c0,-0.2316861978059425,-0.035280492398733855,0.19640570540720864
166,rxn01361_c0,(S)-dihydroorotate:NAD+ oxidoreductase_c0,0.2316861978059425,0.03528049239873385,0.19640570540720864
167,rxn01018_c0,carbamoyl-phosphate:L-aspartate carbamoyltransferase_c0,0.2316861978059425,0.035280492398733855,0.19640570540720864
168,rxn00710_c0,orotidine-5'-phosphate carboxy-lyase (UMP-forming)_c0,0.23168619780594246,0.03528049239873385,0.19640570540720861
169,rxn01362_c0,Orotidine-5'-phosphate:diphosphate phospho-alpha-D-ribosyl-transferase_c0,-0.2316861978059424,-0.03528049239873385,0.19640570540720856
170,rxn00340_c0,L-aspartate:ammonia ligase (AMP-forming)_c0,0.22179739760899458,0.03377465500537631,0.1880227426036183
171,rxn01368_c0,Cytidine aminohydrolase_c0,0.220452643476102,0.03356987980334454,0.18688276367275747
172,rxn00611_c0,sn-Glycerol-3-phosphate:NAD+ 2-oxidoreductase_c0,-0.20638137828539801,-0.031427148948841875,0.17495422933655613
173,rxn02374_c0,R03314_c0,0.20360115878076185,0.03100378530427018,0.17259737347649168
174,rxn01000_c0,prephenate hydro-lyase (decarboxylating; phenylpyruvate-forming)_c0,0.1706512127945032,0.02598626449415865,0.14466494830034457
175,rxn00493_c0,L-Phenylalanine:2-oxoglutarate aminotransferase_c0,-0.17065121279450318,-0.025986264494158647,0.14466494830034454
176,rxn04938_c0,S-(hydroxymethyl)glutathione:NADP+ oxidoreductase_c0,-0.16903587975592385,-0.02574028633262506,0.14329559342329878
177,rxn00431_c0,Methylamine:(acceptor) oxidoreductase (deaminating)_c0,-0.16903587975592385,-0.02574028633262506,0.14329559342329878
178,rxn11677_c0,acetyl-phosphate methylamine:thioredoxin disulfide oxidoreductase(N-methylglycine-forming)_c0,0.16903587975592382,0.02574028633262506,0.14329559342329876
179,rxn00377_c0,S-Formylglutathione hydrolase_c0,-0.16903587975592382,-0.02574028633262506,0.14329559342329876
180,rxn04791_c0,S-(hydroxymethyl)glutathione synthase_c0,-0.16903587975592382,-0.02574028633262506,0.14329559342329876
181,rxn00270_c0,S-Adenosyl-L-methionine:glycine N-methyltransferase_c0,-0.16903587975592377,-0.02574028633262506,0.1432955934232987
182,rxn03052_c0,5-Methyltetrahydropteroyltri-L-glutamate:L-homocysteine S-methyltransferase_c0,0.15044115890427512,0.022908736961640735,0.1275324219426344
183,rxn11944_c0,Methyltransferase_c0,-0.1504411589042751,-0.022908736961640735,0.12753242194263437
184,rxn00949_c0,L-homocysteine hydrogen-sulfide-lyase (deaminating; 2-oxobutanoate-forming)_c0,-0.14734203876233376,-0.022436812066476682,0.12490522669585707
185,rxn00704_c0,"alpha-D-Glucose 1-phosphate 1,6-phosphomutase_c0",-0.13810842992083888,-0.02103074528463882,0.11707768463620007
186,rxn05744_c0,b-ketoacyl synthetase (n-C14:0)_c0,0.1381084299208388,0.02103074528463883,0.11707768463619997
187,rxn09429_c0,fatty acid synthase (n-C18:0)_c0,0.13758758552359865,0.020951432632561252,0.1166361528910374
188,rxn08088_c0,1-octadecanoyl-sn-glycerol 3-phosphate O-acyltransferase (n-C18:0)_c0,0.13758758552359865,0.020951432632561252,0.1166361528910374
189,rxn08311_c0,CDP-diacylglycerol synthetase (n-C18:0)_c0,0.13758758552359865,0.020951432632561252,0.1166361528910374
190,rxn08801_c0,"Lysophospholipase L1 (2-acylglycerophosphotidate, n-C18:0) (periplasm)_c0",-0.13758758552359865,-0.020951432632561252,0.1166361528910374
191,rxn09428_c0,"fatty-acyl-ACP synthase (n-C18:0ACP), mitochondrial_c0",0.13758758552359865,0.020951432632561252,0.1166361528910374
192,rxn08549_c0,glycerol-3-phosphate acyltransferase (C16:0)_c0,0.1375875855235983,0.02095143263256125,0.11663615289103704
193,rxn08799_c0,"Lysophospholipase L1 (2-acylglycerophosphotidate, n-C16:0) (periplasm)_c0",0.1375875855235983,0.020951432632561256,0.11663615289103703
194,rxn00527_c0,L-tyrosine:2-oxoglutarate aminotransferase_c0,-0.1363742748027778,-0.020766673246509795,0.11560760155626801
195,rxn01268_c0,Prephenate:NAD+ oxidoreductase(decarboxylating)_c0,0.1363742748027778,0.02076667324650979,0.11560760155626801
196,rxn01484_c0,N-Acetyl-D-glucosamine-6-phosphate amidohydrolase_c0,-0.11358586407861256,-0.017296521122875108,0.09628934295573745
197,rxn00555_c0,L-glutamine:D-fructose-6-phosphate isomerase (deaminating)_c0,0.11358586407861254,0.017296521122875108,0.09628934295573743
198,rxn01505_c0,"N-Acetyl-D-glucosamine 1-phosphate 1,6-phosphomutase_c0",0.11358586407861254,0.01729652112287511,0.09628934295573743
199,rxn00293_c0,UTP:N-acetyl-alpha-D-glucosamine-1-phosphate uridylyltransferase_c0,0.11358586407861254,0.01729652112287511,0.09628934295573743
200,rxn03917_c0,D-glycero-beta-D-manno-heptose-7-phosphate aldose-ketose-isomerase_c0,0.11048674393667113,0.016824596227711056,0.09366214770896007
201,rxn00213_c0,UTP:alpha-D-glucose-1-phosphate uridylyltransferase_c0,0.11048674393667111,0.016824596227711056,0.09366214770896006
202,rxn03919_c0,"D-glycero-beta-D-manno-heptose 1,7-bisphosphate 7-phosphohydrolase_c0",0.11048674393667111,0.016824596227711056,0.09366214770896006
203,rxn03511_c0,ADP-D-glycero-D-manno-heptose 6-epimerase_c0,0.11048674393667111,0.016824596227711056,0.09366214770896006
204,rxn03918_c0,ATP:D-glycero-beta-D-manno-heptose 7-phosphate 1-phosphotransferase_c0,0.11048674393667111,0.016824596227711056,0.09366214770896006
205,rxn03916_c0,ATP:D-glycero-beta-D-manno-heptose 1-phosphate adenylyltransferase_c0,0.11048674393667111,0.016824596227711056,0.09366214770896006
206,rxn13846_c0,(3R)-3-Hydroxypalmitoyl-[acyl-carrier-protein] hydro-lyase_c0,-0.1104867439366711,-0.016824596227711066,0.09366214770896003
207,rxn08015_c0,acyl-[acyl-carrier-protein] synthetase  (n-C14:1)_c0,0.11048674393667106,0.016824596227711063,0.09366214770896
208,rxn08442_c0,fatty-acid-CoA thioesterase (tetradecenoate)_c0,0.11048674393667106,0.016824596227711063,0.09366214770896
209,rxn05736_c0,acyl-coenzyme A ligase_c0,0.11048674393667104,0.016824596227711063,0.09366214770895998
210,rxn02803_c0,"Tetradecanoyl-CoA:(acceptor) 2,3-oxidoreductase_c0",0.11048674393667104,0.016824596227711063,0.09366214770895998
211,rxn09288_c0,tetradecenoyl-coa cis-trans isomerization_c0,-0.11048674393667104,-0.016824596227711066,0.09366214770895998
212,rxn09106_c0,"phosphatidylglycerol phosphate phosphatase (periplasm, n-C18:0)_c0",0.10319068914269898,0.015713574474420938,0.08747711466827804
213,rxn09113_c0,Phosphatidylglycerol synthase (n-C18:0)_c0,0.10319068914269897,0.015713574474420938,0.08747711466827802
214,rxn02320_c0,5-Amino-2-oxopentanoate:2-oxoglutarate aminotransferase_c0,-0.08753866247095556,-0.013330129913430069,0.07420853255752549
215,rxn02160_c0,L-Histidinol-phosphate phosphohydrolase_c0,0.08753866247095554,0.013330129913430069,0.07420853255752548
216,rxn00789_c0,1-(5-phospho-D-ribosyl)-ATP:diphosphate phospho-alpha-D-ribosyl-transferase_c0,-0.08753866247095556,-0.013330129913430074,0.07420853255752548
217,rxn02835_c0,"1-(5-phospho-D-ribosyl)-AMP 1,6-hydrolase_c0",0.08753866247095554,0.01333012991343007,0.07420853255752546
218,rxn02159_c0,L-Histidinol:NAD+ oxidoreductase_c0,0.08753866247095554,0.01333012991343007,0.07420853255752546
219,rxn02834_c0,Phosphoribosyl-ATP pyrophosphohydrolase_c0,0.08753866247095554,0.01333012991343007,0.07420853255752546
220,rxn03135_c0,R04558_c0,-0.08753866247095554,-0.01333012991343007,0.07420853255752546
221,rxn03175_c0,N-(5'-Phospho-D-ribosylformimino)-5-amino-1- (5''-phospho-D-ribosyl)-4-imidazolecarboxamide ketol-isomerase_c0,0.08753866247095554,0.01333012991343007,0.07420853255752546
222,rxn02473_c0,D-erythro-1-(Imidazol-4-yl)glycerol 3-phosphate hydro-lyase_c0,0.08753866247095554,0.01333012991343007,0.07420853255752546
223,rxn00863_c0,L-histidinal:NAD+ oxidoreductase_c0,0.08753866247095554,0.01333012991343017,0.07420853255752537
224,rxn02172_c0,D-Arabinonate hydro-lyase_c0,-0.08286505795250335,-0.012618447170783295,0.07024661078172005
225,rxn01151_c0,3-deoxy-D-manno-octulosonate D-arabinose-lyase (pyruvate-forming)_c0,-0.08286505795250335,-0.012618447170783295,0.07024661078172005
226,rxn01150_c0,D-Arabinose:NADP+ 1-oxidoreductase_c0,-0.08286505795250335,-0.012618447170783295,0.07024661078172005
227,rxn01959_c0,"D-Arabinono-1,4-lactone lactonohydrolase_c0",-0.08286505795250335,-0.012618447170783297,0.07024661078172005
228,rxn03167_c0,"2-Amino-4-hydroxy-6-(erythro-1,2,3-trihydroxypropyl) dihydropteridine triphosphate phosphohydrolase (alkaline optimum)_c0",0.08286505795250333,0.012618447170783297,0.07024661078172004
229,rxn01306_c0,2-dehydro-3-deoxy-D-pentonate glycolaldehyde-lyase (pyruvate-forming)_c0,-0.08286505795250333,-0.012618447170783295,0.07024661078172004
230,rxn02504_c0,"2-amino-4-hydroxy-6-(D-erythro-1,2,3-trihydroxypropyl)-7,8-dihydropteridine glycolaldehyde-lyase_c0",0.08286505795250333,0.012618447170783293,0.07024661078172004
231,rxn00299_c0,"GTP 7,8-8,9-dihydrolase_c0",0.08286505795250333,0.012618447170783299,0.07024661078172004
232,rxn02405_c0,CTP:3-deoxy-D-manno-octulosonate cytidylyltransferase_c0,0.08286505795250332,0.012618447170783293,0.07024661078172002
233,rxn01603_c0,"7,8-dihydropteroate:L-glutamate ligase (ADP-forming)_c0",0.08286505795250332,0.012618447170783295,0.07024661078172002
234,rxn02200_c0,"2-amino-4-hydroxy-6-hydroxymethyl-7,8-dihydropteridine:4-aminobenzoate 2-amino-4-hydroxydihydropteridine-6-methenyltransferase_c0",0.08286505795250332,0.012618447170783295,0.07024661078172002
235,rxn11258_c0,para-aminobenzoate synthetase component II_c0,0.08286505795250332,0.012618447170783297,0.07024661078172002
236,EX_cpd00393_e0,Exchange for Folate_e0,0.07356769752667898,0.011202672485291129,0.06236502504138785
237,rxn05255_c0,folate transport via proton simport_c0,-0.07356769752667898,-0.011202672485291129,0.06236502504138785
238,rxn01602_c0,dihydrofolate:NADP+ oxidoreductase_c0,0.07356769752667897,0.011202672485291129,0.062365025041387835
239,rxn00283_c0,alanine racemase_c0,0.05524337196833556,0.008412298113855528,0.04683107385448003
240,rxn03146_c0,UDP-3-O-[(3R)-3-hydroxymyristoyl]-N-acetylglucosamine amidohydrolase_c0,0.05524337196833555,0.008412298113855531,0.046831073854480015
241,rxn06723_c0,(3R)-3-hydroxymyristoyl-[acyl-carrier protein]:UDP-3-O-[(3R)-3-hydroxymyristoyl]-alpha-D-glucosamine N-acetyltransferase_c0,-0.055243371968335536,-0.008412298113855528,0.04683107385448001
242,rxn06729_c0,(R)-3-Hydroxytetradecanoly-[acyl-carrier-protein]:UDP-N-acetyl-glucosamine 3-O-(3-hydroxytetradecanoyl)transferase_c0,0.055243371968335536,0.008412298113855528,0.04683107385448001
243,rxn02508_c0,N-(5-Phospho-beta-D-ribosyl)anthranilate ketol-isomerase_c0,0.052129765291692595,0.007938167251817913,0.044191598039874685
244,rxn00727_c0,Chorismate pyruvate-lyase (amino-accepting)_c0,0.052129765291692595,0.007938167251817913,0.044191598039874685
245,rxn01964_c0,L-serine hydro-lyase [adding 1-C-(indol-3-yl)glycerol 3-phosphate; L-tryptophan and glyceraldehyde-3-phosphate-forming]_c0,0.052129765291692595,0.007938167251817915,0.04419159803987468
246,rxn00791_c0,N-(5-Phospho-D-ribosyl)anthranilate:pyrophosphate phosphoribosyl-transferase_c0,-0.05212976529169259,-0.007938167251817915,0.04419159803987467
247,rxn02507_c0,1-(2-Carboxyphenylamino)-1-deoxy-D-ribulose-5-phosphate carboxy-lyase(cyclizing)_c0,0.05212976529169259,0.007938167251817913,0.04419159803987467
248,rxn01629_c0,"(S)-4-Amino-5-oxopentanoate 4,5-aminomutase_c0",-0.04958592227106304,-0.0075507983226248835,0.042035123948438155
249,rxn06937_c0,L-glutamate:tRNA(Glu) ligase (AMP-forming)_c0,0.04958592227106304,0.007550798322624885,0.042035123948438155
250,rxn06591_c0,L-glutamate-semialdehyde: NADP+ oxidoreductase(L-glutamyl-tRNA(Glu)-forming)_c0,0.04958592227106304,0.0075507983226248835,0.042035123948438155
251,rxn01512_c0,ATP:dTDP phosphotransferase_c0,0.04723040704029587,0.0071921073950635,0.040038299645232374
252,rxn01678_c0,ATP:dUDP phosphotransferase_c0,0.0,-0.03655583814148028,0.03655583814148028
253,rxn01706_c0,dUTP:cytidine 5'-phosphotransferase_c0,0.0,-0.03356987980334455,0.03356987980334455
254,rxn00709_c0,ATP:uridine 5'-phosphotransferase_c0,0.0,0.03356987980334454,0.03356987980334454
255,rxn00830_c0,Isopentenyl-diphosphate delta3-delta2-isomerase_c0,0.036919046409992114,0.005621923742419931,0.03129712266757218
256,rxn01213_c0,GPPSYN-RXN_c0,0.036919046409992114,0.005621923742419931,0.03129712266757218
257,rxn01466_c0,Geranyl-diphosphate:isopentenyl-diphosphate geranyltrans-transferase_c0,0.036919046409992114,0.005621923742419931,0.03129712266757218
258,rxn10336_c0,stearoyl-cardiolipin synthase_c0,0.03439689638089967,0.005237858158140313,0.029159038222759358
259,rxn09210_c0,Phosphatidylserine syntase (n-C18:0)_c0,0.03439689638089967,0.005237858158140314,0.029159038222759354
260,rxn09202_c0,Phosphatidylserine decarboxylase (n-C18:0)_c0,0.03439689638089967,0.005237858158140314,0.029159038222759354
261,rxn00615_c0,ATP:glycerol 3-phosphotransferase_c0,0.03439689638089966,0.005237858158140314,0.029159038222759347
262,rxn00686_c0,"5,6,7,8-tetrahydrofolate:NADP+ oxidoreductase_c0",-0.028906081481952423,-0.0044017330236279005,0.024504348458324523
263,rxn03843_c0,Farnesyl diphosphate:Isopentenyl diphosphate farnesyl cistransferase_c0,0.02762168598416779,0.004206149056927765,0.023415536927240025
264,rxn08014_c0,myristate-[acyl-carrier-protein] ligase_c0,0.02762168598416779,0.004206149056927765,0.023415536927240025
265,rxn09422_c0,"fatty acyl-ACP synthase (n-C8:0ACP), mitochondrial, lumped reaction_c0",0.027621685984167785,0.004206149056927766,0.02341553692724002
266,rxn02008_c0,UDP-N-acetylmuramoyl-L-alanine:D-glutamate ligase(ADP-forming)_c0,0.027621685984167785,0.004206149056927766,0.02341553692724002
267,rxn09439_c0,"fatty-acyl-ACP synthase (n-C12:0ACP), mitochondrial_c0",0.027621685984167785,0.004206149056927765,0.02341553692724002
268,rxn06848_c0,R05075_c0,-0.027621685984167785,-0.004206149056927765,0.02341553692724002
269,rxn03439_c0,CMP-3-deoxy-D-manno-oct-2-ulosonate:(KDO)-lipid IVA 3-deoxy-D-manno-oct-2-ulosonate transferase_c0,0.027621685984167785,0.004206149056927766,0.02341553692724002
270,rxn04308_c0,"(2E,6E)-farnesyl-diphosphate:isopentenyl-diphosphate cistransferase (adding 8 isopentenyl units)_c0",0.027621685984167785,0.004206149056927764,0.02341553692724002
271,rxn03182_c0,CMP-3-deoxy-D-manno-oct-2-ulosonate:lipid IVA 3-deoxy-D-manno-oct-2-ulosonate transferase_c0,0.027621685984167785,0.004206149056927765,0.02341553692724002
272,rxn09442_c0,"fatty-acyl-ACP synthase (n-C10:0ACP), mitochondrial_c0",0.027621685984167785,0.004206149056927765,0.02341553692724002
273,rxn05349_c0,acetyl-CoA:[acyl-carrier-protein] S-acetyltransferase_c0,0.027621685984167785,0.004206149056927765,0.02341553692724002
274,rxn00193_c0,glutamate racemase_c0,0.027621685984167785,0.004206149056927766,0.02341553692724002
275,rxn08709_c0,LPS heptose kinase II (LPS core synthesis)_c0,0.027621685984167782,0.004206149056927764,0.023415536927240018
276,rxn08712_c0,heptosyltransferase III (LPS core synthesis)_c0,0.027621685984167782,0.004206149056927764,0.023415536927240018
277,rxn08710_c0,RXN0-5118.c_c0,0.027621685984167782,0.004206149056927765,0.023415536927240018
278,rxn08708_c0,LPS heptose kinase I (LPS core synthesis)_c0,0.027621685984167782,0.004206149056927765,0.023415536927240018
279,rxn09225_c0,rhamnosyltransferase I (LPS core biosynthesis)_c0,0.027621685984167782,0.004206149056927764,0.023415536927240018
280,rxn08711_c0,RXN0-5061.c_c0,0.027621685984167782,0.004206149056927765,0.023415536927240018
281,rxn06865_c0,R05146_c0,-0.027621685984167782,-0.004206149056927765,0.023415536927240018
282,rxn08954_c0,3-deoxy-D-manno-octulosonic acid transferase III (LPS core biosynthesis)_c0,0.027621685984167782,0.004206149056927764,0.023415536927240018
283,rxn03181_c0,"ATP:2,3,2',3'-tetrakis(3-hydroxytetradecanoyl)-D-glucosaminyl-beta-D-1,6-glucosaminyl-alpha-phosphate 4-O'-phosphotransferase_c0",0.02762168598416778,0.004206149056927765,0.023415536927240015
284,rxn02286_c0,UDP-N-acetylmuramate:L-alanine ligase (ADP-forming)_c0,0.027621685984167782,0.004206149056927766,0.023415536927240015
285,rxn10199_c0,Peptidoglycan subunit synthesis_c0,0.02762168598416778,0.004206149056927764,0.023415536927240015
286,rxn08713_c0,heptosyltransferase IV (LPS core synthesis)_c0,0.02762168598416778,0.004206149056927764,0.023415536927240015
287,rxn03408_c0,"UDP-N-acetyl-D-glucosamine:undecaprenyl-diphospho-N-acetylmuramoyl-L-alanyl-gamma-D-glutamyl-meso-2,6-diaminopimeloyl-D-alanyl-D-alanine 4-beta-N-acetylglucosaminlytransferase_c0",0.02762168598416778,0.004206149056927766,0.023415536927240015
288,rxn08583_c0,galactosyltransferase I (LPS core synthesis)_c0,0.02762168598416778,0.004206149056927765,0.023415536927240015
289,rxn01997_c0,"dTDPglucose 4,6-hydro-lyase_c0",0.02762168598416778,0.004206149056927764,0.023415536927240015
290,rxn00851_c0,D-alanine:D-alanine ligase (ADP-forming)_c0,0.02762168598416778,0.004206149056927765,0.023415536927240015
291,rxn03164_c0,"UDP-N-acetylmuramoyl-L-alanyl-D-glutamyl-meso-2,6-diaminoheptanedioate:D-alanyl-D-alanine ligase(ADP-forming)_c0",0.027621685984167782,0.004206149056927766,0.023415536927240015
292,rxn08618_c0,glucosyltransferase I (LPS core synthesis)_c0,0.02762168598416778,0.004206149056927764,0.023415536927240015
293,rxn03904_c0,"UDP-N-acetylmuramoyl-L-alanyl-gamma-D-glutamyl-meso-2,6-diaminopimeloyl-D-alanyl-D-alanine:undecaprenyl-phosphate phospho-N-acetylmuramoyl-pentapeptide-transferase_c0",0.02762168598416778,0.004206149056927766,0.023415536927240015
294,rxn02003_c0,dTDP-6-deoxy-L-mannose:NADP+ 4-oxidoreductase_c0,-0.02762168598416778,-0.004206149056927763,0.023415536927240015
295,rxn00461_c0,Phosphoenolpyruvate:UDP-N-acetyl-D-glucosamine 1-carboxyvinyl-transferase_c0,0.02762168598416778,0.004206149056927765,0.023415536927240015
296,rxn02011_c0,"UDP-N-acetylmuramoyl-L-alanyl-D-glutamate:(L)-meso-2,6-diaminoheptanedioate gamma-ligase (ADP-forming)_c0",0.027621685984167782,0.004206149056927766,0.023415536927240015
297,rxn03901_c0,undecaprenyl-diphosphate phosphohydrolase_c0,0.02762168598416778,0.004206149056927766,0.023415536927240015
298,rxn02285_c0,UDP-N-acetylmuramate:NADP+ oxidoreductase_c0,-0.027621685984167782,-0.004206149056927766,0.023415536927240015
299,rxn02000_c0,"dTDP-4-dehydro-6-deoxy-D-glucose 3,5-epimerase_c0",0.02762168598416778,0.004206149056927763,0.023415536927240015
300,rxn01675_c0,dTTP:alpha-D-glucose-1-phosphate thymidylyltransferase_c0,0.027621685984167775,0.004206149056927763,0.02341553692724001
301,rxn03130_c0,"UDP-2,3-bis[(3R)-3-hydroxymyristoyl]-alpha-D-glucosamine 2,3-bis[(3R)-3-hydroxymyristoyl]-beta-D-glucosaminyl 1-phosphate phosphohydrolase_c0",0.027621685984167775,0.004206149056927765,0.02341553692724001
302,rxn08619_c0,glucosyltransferase II (LPS core synthesis)_c0,0.027621685984167775,0.004206149056927765,0.02341553692724001
303,rxn08620_c0,glucosyltransferase III (LPS core synthesis)_c0,0.027621685984167775,0.004206149056927764,0.02341553692724001
304,rxn03159_c0,"UDP-2,3-bis(3-hydroxytetradecanoyl)glucosamine:2,3-bis-(3-hydroxytetradecanoyl)-alpha-D-glucosaminyl-1-phosphate 2,3-bis(3-hydroxytetradecanoyl)-glucosaminyltransferase_c0",0.027621685984167775,0.004206149056927766,0.023415536927240008
305,rxn06600_c0,S-aminomethyldihydrolipoylprotein:(6S)-tetrahydrofolate aminomethyltransferase (ammonia-forming)_c0,0.02580696134000999,0.0039298081284637795,0.021877153211546208
306,rxn06493_c0,dihydrolipoylprotein:NAD+ oxidoreductase_c0,0.025806961340009985,0.0039298081284637795,0.021877153211546208
307,rxn06377_c0,glycine:lipoylprotein oxidoreductase (decarboxylating and acceptor-aminomethylating)_c0,0.025806961340009985,0.00392980812846378,0.021877153211546204
308,rxn00029_c0,5-aminolevulinate hydro-lyase (adding 5-aminolevulinate and cyclizing; porphobilinogen-forming)_c0,0.024792961135531526,0.0037753991613124426,0.021017561974219084
309,rxn00515_c0,ATP:IDP phosphotransferase_c0,-0.019608721056128115,0.0,0.019608721056128115
310,rxn01679_c0,dUTP:uridine 5'-phosphotransferase_c0,0.019608721056128098,0.0,0.019608721056128098
311,rxn01517_c0,ATP:dUMP phosphotransferase_c0,-0.0196087210561281,-0.0029859583381357355,0.016622762717992366
312,rxn05236_c0,2'-Deoxyuridine 5'-triphosphate:oxydized-thioredoxin 2'-oxidoreductase_c0,0.0196087210561281,0.0029859583381357355,0.016622762717992366
313,rxn01513_c0,ATP:dTMP phosphotransferase_c0,0.0196087210561281,0.0029859583381357355,0.016622762717992366
314,rxn01520_c0,"5,10-Methylenetetrahydrofolate:dUMP C-methyltransferase_c0",0.019608721056128098,0.0029859583381357355,0.016622762717992363
315,rxn05232_c0,2'-Deoxyadenosine 5'-triphosphate:oxydized-thioredoxin 2'-oxidoreductase_c0,0.01960872105612809,0.002985958338135736,0.016622762717992356
316,rxn05234_c0,2'-Deoxyguanosine 5'-triphosphate:oxydized-thioredoxin 2'-oxidoreductase_c0,0.015779694493642856,0.002402885441210473,0.013376809052432383
317,rxn05235_c0,2'-Deoxyuridine 5'-triphosphate:oxydized-thioredoxin 2'-oxidoreductase_c0,0.015779694493642856,0.002402885441210473,0.013376809052432383
318,rxn05195_c0,ATP phosphohydrolase (ferric-ion-transporting)_c0,0.012396480567765758,0.00188769958065622,0.010508780987109537
319,EX_cpd10516_e0,Exchange for fe3_e0,-0.012396480567765758,-0.00188769958065622,0.010508780987109537
320,rxn00338_c0,L-aspartate:oxygen oxidoreductase_c0,0.009297360425825092,0.0014157746854917734,0.007881585740333319
321,rxn02988_c0,glycerone phosphate:iminosuccinate alkyltransferase (cyclizing)_c0,-0.009297360425825092,-0.001415774685491773,0.007881585740333319
322,rxn02402_c0,Nicotinate-nucleotide:pyrophosphate phosphoribosyltransferase (carboxylating)_c0,-0.00929736042582509,-0.001415774685491773,0.007881585740333317
323,rxn09037_c0,"(2E,6E)-farnesyl-diphosphate:isopentenyl-diphosphate farnesyltranstransferase (adding 5 isopentenyl units)_c0",0.009297360425824321,0.0014157746854921653,0.007881585740332157
324,rxn00300_c0,"GTP 7,8-8,9-dihydrolase (diphosphate-forming)_c0",0.009297360425824316,0.0014157746854921653,0.007881585740332151
325,rxn02474_c0,5-amino-6-(5-phosphoribitylamino)uracil:NADP+ 1'-oxidoreductase_c0,-0.009297360425824316,-0.001415774685492165,0.007881585740332151
326,rxn02475_c0,"2,5-Diamino-6-hydroxy-4-(5-phosphoribosylamino)-pyrimidine 2-aminohydrolase_c0",0.009297360425824316,0.001415774685492165,0.007881585740332151
327,rxn11279_c0,riboflavin synthase alpha chain_c0,0.009297360425824314,0.001415774685492165,0.00788158574033215
328,rxn00048_c0,"6,7-Dimethyl-8-(1-D-ribityl)lumazine:6,7-dimethyl-8-(1-D-ribityl)lumazine 2,3-butanediyltransferase_c0",0.009297360425824314,0.001415774685492165,0.00788158574033215
329,rxn01669_c0,Nicotinamide-D-ribonucleotide amidohydrolase_c0,-0.006198240283883649,-0.0009438497903204153,0.005254390493563234
330,rxn00105_c0,ATP:nicotinamide-nucleotide adenylyltransferase_c0,0.006198240283883648,0.0009438497903204153,0.005254390493563233
331,rxn00126_c0,ATP:L-methionine S-adenosyltransferase_c0,0.0061982402838829075,0.0009438497903281122,0.005254390493554795
332,rxn00405_c0,L-arginine carboxy-lyase (agmatine-forming)_c0,0.006198240283882882,0.0009438497903281104,0.005254390493554772
333,rxn01029_c0,Agmatine iminohydrolase_c0,0.006198240283882882,0.0009438497903281104,0.005254390493554772
334,rxn02831_c0,O-Succinylbenzoate:CoA ligase (AMP-forming)_c0,0.0061982402838828814,0.0009438497903281103,0.005254390493554771
335,rxn08333_c0,"1,4-dihydroxy-2-naphthoate octaprenyltransferase_c0",0.0061982402838828814,0.0009438497903281104,0.005254390493554771
336,rxn00853_c0,N-Carbamoylputrescine amidohydrolase_c0,0.0061982402838828814,0.0009438497903281102,0.005254390493554771
337,rxn02898_c0,"O-Succinylbenzoyl-CoA 1,4-dihydroxy-2-naphthoate-lyase_c0",0.0061982402838828814,0.0009438497903281102,0.005254390493554771
338,rxn01258_c0,chorismate hydroxymutase_c0,0.006198240283882881,0.0009438497903281102,0.00525439049355477
339,rxn02264_c0,Hydroxymethylbilane hydro-lyase(cyclizing)_c0,0.006198240283882881,0.0009438497903281105,0.00525439049355477
340,rxn03909_c0,1-Deoxy-D-xylulose-5-phosphate pyruvate-lyase (carboxylating)_c0,0.006198240283882881,0.0009438497903281102,0.00525439049355477
341,rxn04675_c0,menaquinone biosynthesis protein-related_c0,0.006198240283882881,0.0009438497903281102,0.00525439049355477
342,rxn02832_c0,"(1R,6R)-6-hydroxy-2-succinylcyclohexa-2,4-diene-1-carboxylate hydrolyase (2-succinylbenzoate-forming)_c0",-0.006198240283882881,-0.0009438497903281103,0.00525439049355477
343,rxn00060_c0,porphobilinogen:(4-[2-carboxyethyl]-3-[carboxymethyl]pyrrol-2-yl)methyltransferase (hydrolysing)_c0,0.006198240283882881,0.0009438497903281108,0.005254390493554769
344,rxn00392_c0,ATP:riboflavin 5'-phosphotransferase_c0,0.0061982402838828745,0.0009438497903281099,0.005254390493554764
345,rxn00912_c0,"5,10-Methylenetetrahydrofolate:3-methyl-2-oxobutanoate hydroxymethyltransferase_c0",0.006198240283881889,0.000943849790328044,0.005254390493553845
346,rxn00346_c0,L-aspartate 1-carboxy-lyase (beta-alanine-forming)_c0,0.006198240283881885,0.0009438497903280441,0.0052543904935538404
347,rxn02341_c0,N-[(R)-4'-Phosphopantothenoyl]-L-cysteine carboxy-lyase_c0,0.006198240283881885,0.0009438497903280443,0.0052543904935538404
348,rxn00100_c0,ATP:dephospho-CoA 3'-phosphotransferase_c0,0.006198240283881884,0.0009438497903280443,0.00525439049355384
349,rxn02175_c0,ATP:pantetheine-4'-phosphate adenylyltransferase_c0,0.006198240283881884,0.0009438497903280441,0.00525439049355384
350,rxn12512_c0,(R)-4'-Phosphopantothenate:L-cysteine ligase_c0,0.006198240283881884,0.0009438497903280442,0.00525439049355384
351,rxn12510_c0,ATP:pantothenate 4'-phosphotransferase_c0,0.006198240283881884,0.000943849790328044,0.00525439049355384
352,rxn01791_c0,(R)-Pantoate:beta-alanine ligase (AMP-forming)_c0,0.006198240283881884,0.0009438497903280441,0.00525439049355384
353,rxn01790_c0,(R)-Pantoate:NADP+ 2-oxidoreductase_c0,-0.006198240283881882,-0.0009438497903280441,0.005254390493553838
354,rxn00068_c0,Fe2+:NAD+ oxidoreductase_c0,-0.00464868021291216,-0.0007078873427460824,0.0039407928701660775
355,rxn00077_c0,ATP:NAD+ 2'-phosphotransferase_c0,0.003099120141941447,0.0004719248951640146,0.0026271952467774324
356,rxn00438_c0,ATP:thiamin-phosphate phosphotransferase_c0,0.0030991201419414594,0.0004719248951640606,0.0026271952467773986
357,rxn03893_c0,all-trans-octaprenyl-diphosphate:4-hydroxybenzoate 3-octaprenyltransferase_c0,0.003099120141941441,0.00047192489516405495,0.0026271952467773864
358,rxn12224_c0,2-octaprenyl-6-methoxyphenol hydroxylase_c0,0.003099120141941441,0.00047192489516405505,0.002627195246777386
359,rxn03393_c0,3-octaprenyl-4-hydroxybenzoate carboxy-lyase_c0,0.0030991201419414407,0.00047192489516405484,0.002627195246777386
360,rxn00137_c0,"Adenosine 3',5'-bisphosphate 3'-phosphohydrolase_c0",0.003099120141941441,0.00047192489516405505,0.002627195246777386
361,rxn03395_c0,"S-adenosyl-L-methionine:3-(all-trans-octaprenyl)benzene-1,2-diol 2-O-methyltransferase_c0",0.0030991201419414407,0.0004719248951640549,0.002627195246777386
362,EX_cpd00034_e0,Exchange for Zn2+_e0,-0.0030991201419414407,-0.000471924895164055,0.0026271952467773856
363,EX_cpd00149_e0,Exchange for Co2+_e0,-0.0030991201419414407,-0.000471924895164055,0.0026271952467773856
364,rxn05514_c0,calcium transport in/out via proton antiporter_c0,-0.0030991201419414407,-0.000471924895164055,0.0026271952467773856
365,rxn08130_c0,ADOMET-DMK-METHYLTRANSFER-RXN.c_c0,0.0030991201419414407,0.0004719248951640551,0.0026271952467773856
366,rxn08131_c0,4-amino-2-methyl-5-phosphomethylpyrimidine synthetase_c0,0.0030991201419414403,0.0004719248951640549,0.0026271952467773856
367,rxn05618_c0,manganese transport in via proton symport_c0,0.0030991201419414407,0.000471924895164055,0.0026271952467773856
368,rxn09389_c0,TRANS-RXN0-200.cp_c0,-0.0030991201419414407,-0.000471924895164055,0.0026271952467773856
369,rxn02297_c0,6-Carboxyhexanoyl-CoA:L-alanine C-carboxyhexanoyltransferase (decarboxylating)_c0,0.0030991201419414407,0.0004719248951640551,0.0026271952467773856
370,rxn09310_c0,thiazole phosphate synthesis_c0,0.0030991201419414403,0.00047192489516405495,0.0026271952467773856
371,rxn05596_c0,TRANS-RXNBWI-115525.ce.maizeexp.K+_c0,-0.0030991201419414407,-0.000471924895164055,0.0026271952467773856
372,rxn02305_c0,2-methyl-4-amino-5-hydroxymethylpyrimidine-diphosphate:4-methyl-5-(2-phosphoethyl)-thiazole 2-methyl-4-aminopyridine-5-methenyltransferase_c0,0.0030991201419414403,0.00047192489516405495,0.0026271952467773856
373,rxn02897_c0,Nicotinate-nucleotide:dimethylbenzimidazole phospho-D-ribosyltransferase_c0,0.0030991201419414407,0.000471924895164055,0.0026271952467773856
374,rxn08240_c0,cobalt (Co+2) transport out via proton antiport (periplasm)_c0,-0.0030991201419414407,-0.000471924895164055,0.0026271952467773856
375,rxn11946_c0,R05614_c0,0.0030991201419414407,0.000471924895164055,0.0026271952467773856
376,EX_cpd00205_e0,Exchange for K+_e0,-0.0030991201419414407,-0.000471924895164055,0.0026271952467773856
377,rxn15949_c0,carboxyspermidine carboxy-lyase (spermidine-forming)_c0,0.0030991201419414407,0.000471924895164055,0.0026271952467773856
378,EX_cpd00058_e0,Exchange for Cu2+_e0,-0.0030991201419414407,-0.000471924895164055,0.0026271952467773856
379,rxn06023_c0,CoA:apo-[acyl-carrier-protein] pantetheinephosphotransferase_c0,0.0030991201419414407,0.00047192489516405505,0.0026271952467773856
380,rxn03108_c0,ATP:4-amino-2-methyl-5-phosphomethylpyrimidine phosphotransferase_c0,0.0030991201419414407,0.00047192489516405495,0.0026271952467773856
381,rxn05310_c0,Nicotinate transport (Plasma membrane)_c0,-0.0030991201419414407,-0.00047192489516405505,0.0026271952467773856
382,rxn03536_c0,R05221_c0,0.0030991201419414407,0.0004719248951640551,0.0026271952467773856
383,rxn08275_c0,copper transport out via proton antiport_c0,-0.0030991201419414407,-0.000471924895164055,0.0026271952467773856
384,rxn03150_c0,R04594_c0,0.0030991201419414407,0.0004719248951640551,0.0026271952467773856
385,rxn04139_c0,"2-Octaprenyl-3-methyl-6-methoxy-1,4-benzoquinone ,NADPH2:oxygen oxidoreductase_c0",0.0030991201419414407,0.00047192489516405495,0.0026271952467773856
386,rxn03397_c0,UDP-L-rhamnose:flavonol-3-O-D-glucoside L-rhamnosyltransferase_c0,0.0030991201419414407,0.000471924895164055,0.0026271952467773856
387,rxn03034_c0,Homoisocitrate hydro-lyase_c0,-0.0030991201419414407,-0.0004719248951640552,0.0026271952467773856
388,rxn15947_c0,carboxyspermidine:NADP+ oxidoreductase_c0,0.0030991201419414407,0.0004719248951640551,0.0026271952467773856
389,EX_cpd00063_e0,Exchange for Ca2+_e0,-0.0030991201419414407,-0.000471924895164055,0.0026271952467773856
390,EX_cpd00030_e0,Exchange for Mn2+_e0,-0.0030991201419414407,-0.000471924895164055,0.0026271952467773856
391,rxn00958_c0,4-Hydroxybenzaldehyde:NADP+ oxidoreductase_c0,0.0030991201419414407,0.000471924895164055,0.0026271952467773856
392,rxn03622_c0,pimeloyl-CoA:NAD+ oxidoreductase_c0,-0.0030991201419414403,-0.0004719248951640551,0.002627195246777385
393,rxn04070_c0,pyridoxine 5'-phosphate synthase_c0,0.0030991201419414403,0.00047192489516405516,0.002627195246777385
394,rxn02466_c0,"2-Hydroxybutane-1,2,4-tricarboxylate hydro-lyase_c0",0.0030991201419414403,0.00047192489516405516,0.002627195246777385
395,rxn12239_c0,4-hydroxy-benzyl-alcohol dehydrogenase_c0,0.0030991201419414403,0.000471924895164055,0.002627195246777385
396,rxn05616_c0,TRANS-RXN-141.ce_c0,-0.0030991201419414403,-0.00047192489516405505,0.002627195246777385
397,rxn10124_c0,NADH dehydrogenase (demethylmenaquinone-8 & 2.8 protons)_c0,-0.0030991201419414403,-0.000471924895164055,0.002627195246777385
398,rxn03617_c0,3-hydroxypimeloyl-CoA:NAD+ oxidoreductase_c0,-0.0030991201419414403,-0.0004719248951640551,0.002627195246777385
399,rxn00202_c0,"acetyl-CoA:2-oxoglutarate C-acetyltransferase (thioester-hydrolysing, carboxymethyl forming)_c0",-0.0030991201419414403,-0.0004719248951640551,0.002627195246777385
400,EX_cpd00254_e0,Exchange for Mg_e0,-0.0030991201419414403,-0.00047192489516405505,0.002627195246777385
401,rxn05029_c0,ATP:cobinamide Cobeta-adenosyltransferase_c0,0.0030991201419414403,0.00047192489516405505,0.002627195246777385
402,rxn02774_c0,S-Adenosyl-L-methionine:uroporphyrin-III C-methyltransferase_c0,0.0030991201419414403,0.000471924895164055,0.002627195246777385
403,rxn02277_c0,"7,8-Diaminononanoate:carbon-dioxide cyclo-ligase_c0",0.0030991201419414403,0.0004719248951640551,0.002627195246777385
404,rxn03538_c0,R05223_c0,0.0030991201419414403,0.00047192489516405505,0.002627195246777385
405,rxn00209_c0,Pyridoxine 5-phosphate:oxygen oxidoreductase_c0,0.0030991201419414403,0.00047192489516405505,0.002627195246777385
406,EX_cpd00218_e0,Exchange for Niacin_e0,0.0030991201419414403,0.00047192489516405505,0.002627195246777385
407,rxn12868_c0,Biotin synthase_c0,0.0030991201419414403,0.00047192489516405516,0.002627195246777385
408,rxn11663_c0,4-(phosphonooxy)threonine:NAD oxidoreductase_c0,0.0030991201419414403,0.00047192489516405516,0.002627195246777385
409,rxn10052_c0,adenylate kinase (Inorganic triphosphate)_c0,0.0030991201419414407,0.00047192489516405543,0.002627195246777385
410,rxn02303_c0,Coproporphyrinogen:oxygen oxidoreductase(decarboxylating)_c0,0.0030991201419414403,0.0004719248951640551,0.002627195246777385
411,rxn03866_c0,R05586_c0,-0.00309912014194144,-0.0004719248951640551,0.0026271952467773847
412,rxn00690_c0,Formate:tetrahydrofolate ligase (ADP-forming)_c0,0.00309912014194144,0.00047192489516405516,0.0026271952467773847
413,rxn03880_c0,R05601_c0,-0.00309912014194144,-0.00047192489516405505,0.0026271952467773847
414,EX_cpd00099_e0,Exchange for Cl-_e0,-0.00309912014194144,-0.000471924895164055,0.0026271952467773847
415,DM_cpd02701_c0,Demand for S-Adenosyl-4-methylthio-2-oxobutanoate_c0,0.00309912014194144,0.0004719248951640551,0.0026271952467773847
416,rxn02056_c0,S-Adenosyl-L-methionine:uroporphyrin-III C-methyltransferase_c0,-0.00309912014194144,-0.00047192489516405495,0.0026271952467773847
417,rxn02288_c0,Uroporphyrinogen-III carboxy-lyase_c0,0.00309912014194144,0.0004719248951640551,0.0026271952467773847
418,rxn03445_c0,O-Phospho-4-hydroxy-L-threonine:2-oxoglutarate aminotransferase_c0,-0.0030991201419414403,-0.00047192489516405543,0.0026271952467773847
419,rxn01331_c0,D-erythrose 4-phosphate:NAD+ oxidoreductase_c0,0.0030991201419414403,0.00047192489516405543,0.0026271952467773847
420,rxn00224_c0,protoheme ferro-lyase (protoporphyrin-forming)_c0,0.00309912014194144,0.00047192489516405505,0.0026271952467773847
421,rxn01418_c0,2-oxoadipate dehydrogenase complex_c0,0.00309912014194144,0.0004719248951640551,0.0026271952467773847
422,rxn03537_c0,R05222_c0,0.00309912014194144,0.00047192489516405505,0.0026271952467773847
423,rxn02939_c0,4-phospho-D-erythronate:NAD+ 2-oxidoreductase_c0,0.0030991201419414403,0.00047192489516405543,0.0026271952467773847
424,rxn02312_c0,S-Adenosyl-L-methionine:8-amino-7-oxononanoate aminotransferase_c0,0.00309912014194144,0.0004719248951640551,0.0026271952467773847
425,rxn02287_c0,S-adenosyl-L-methionine:uroporphyrin-III C-methyltransferase_c0,0.00309912014194144,0.00047192489516405495,0.0026271952467773847
426,rxn00693_c0,5-Methyltetrahydrofolate:L-homocysteine S-methyltransferase_c0,-0.00309912014194144,-0.00047192489516405505,0.0026271952467773847
427,rxn01419_c0,"(1R,2S)-1-hydroxybutane-1,2,4-tricarboxylate:NAD+ oxidoreductase (decarboxylating)_c0",0.00309912014194144,0.00047192489516405516,0.0026271952467773847
428,rxn00122_c0,ATP:FMN adenylyltransferase_c0,0.003099120141941434,0.00047192489516405495,0.0026271952467773795
429,rxn00351_c0,gamma-L-glutamyl-L-cysteine:glycine ligase (ADP-forming)_c0,0.003099120141941391,0.0004719248951640553,0.0026271952467773357
430,rxn00646_c0,L-glutamate:L-cysteine gamma-ligase (ADP-forming)_c0,0.0030991201419413163,0.0004719248951640553,0.002627195246777261
431,rxn12225_c0,2-octaprenylphenol hydroxylase_c0,0.0015495600709707201,0.00023596244758202742,0.0013135976233886928
432,rxn02304_c0,protoporphyrinogen-IX:oxygen oxidoreductase_c0,0.0015495600709707201,0.0002359624475820275,0.0013135976233886926
433,rxn08233_c0,Chloride/proton antiport_c0,0.00154956007097072,0.0002359624475820275,0.0013135976233886923
434,rxn13648_c0,"nitrite Reductase (Menaquinole-8, periplasm)_c0",0.0010330400473138135,0.00015730829838801836,0.0008757317489257951
435,rxn05496_c0,TRANS-RXNBWI-115637.ce.maizeexp.L-ALPHA-ALANINE_c0,-1.2610877720112862e-15,0.0,1.2610877720112862e-15
436,rxn09672_c0,TRANS-RXNBWI-115637.ce.maizeexp.MET_c0,3.935514273704596e-16,0.0,3.935514273704596e-16
437,rxn01538_c0,ATP:thiamine phosphotransferase_c0,1.9320266482178778e-17,5.581410317073869e-18,1.3738856165104908e-17
438,EX_cpd00305_e0,Exchange for Thiamin_e0,0.0,-5.586787704520485e-18,5.586787704520485e-18
439,rxn09657_c0,Thiamine transporter_c0,4.912364433789762e-20,5.586787704520485e-18,5.5376640601825876e-18
440,rxn05581_c0,RXN0-1683.ce.maizeexp.GLYCEROL_c0,5.039894416220014e-18,0.0,5.039894416220014e-18
441,rxn09693_c0,Biotin uptake_c0,0.0,-9.048079411552868e-20,9.048079411552868e-20
442,rxn10270_c0,isohexadecanoyl-Phosphatidylglycerophosphate phosphohydrolase_c0,0.0,0.0,0.0
443,rxn00184_c0,L-Glutamate:NADP+ oxidoreductase (deaminating)_c0,0.0,0.0,0.0
444,rxn01117_c0,D-arabinose-5-phosphate aldose-ketose-isomerase_c0,0.0,0.0,0.0
445,rxn09198_c0,Phosphatidylserine decarboxylase (n-C14:0)_c0,0.0,0.0,0.0
446,rxn04132_c0,R06063_c0,0.0,0.0,0.0
447,rxn00926_c0,Adenine aminohydrolase_c0,0.0,0.0,0.0
448,rxn10224_c0,anteisopentadecanoyl-phosphatidate cytidylyltransferase_c0,0.0,0.0,0.0
449,rxn01353_c0,ATP:dGDP phosphotransferase_c0,0.0,0.0,0.0
450,rxn00411_c0,CTP:pyruvate 2-O-phosphotransferase_c0,0.0,0.0,0.0
451,rxn03068_c0,"(R)-2,3-Dihydroxy-3-methylbutanoate:NADP+ oxidoreductase (isomerizing)_c0",0.0,0.0,0.0
452,EX_cpd00215_e0,Exchange for Pyridoxal_e0,0.0,0.0,0.0
453,rxn00409_c0,ATP:CDP phosphotransferase_c0,0.0,0.0,0.0
454,rxn00189_c0,L-Glutamine amidohydrolase_c0,0.0,0.0,0.0
455,rxn08820_c0,"Lysophospholipase L2 (2-acylglycerophosphotidate, n-C16:0)_c0",0.0,0.0,0.0
456,rxn02155_c0,ATP:nicotinamide-nucleotide adenylyltransferase_c0,0.0,0.0,0.0
457,rxn05336_c0,(3R)-3-Hydroxypalmitoyl-[acyl-carrier-protein]:NADP+ oxidoreductase_c0,0.0,0.0,0.0
458,rxn03446_c0,O-Phospho-4-hydroxy-L-threonine phospho-lyase (adding water)_c0,0.0,0.0,0.0
459,rxn10225_c0,isohexadecanoyl-phosphatidate cytidylyltransferase_c0,0.0,0.0,0.0
460,rxn03421_c0,"2,5-Diaminopyrimidine nucleoside triphosphate mutase_c0",0.0,0.0,0.0
461,rxn05393_c0,9-methyl-3-oxo-decanoyl-ACP:NADP+ oxidoreductase_c0,0.0,0.0,0.0
462,rxn05034_c0,solanesyl-diphosphate:4-hydroxybenzoate nonaprenyltransferase_c0,0.0,0.0,0.0
463,rxn00691_c0,10-Formyltetrahydrofolate amidohydrolase_c0,0.0,0.0,0.0
464,rxn01124_c0,2-Dehydro-3-deoxy-D-gluconate:NAD+ 5-oxidoreductase_c0,0.0,0.0,0.0
465,rxn09200_c0,Phosphatidylserine decarboxylase (n-C16:0)_c0,0.0,0.0,0.0
466,rxn02222_c0,Indole-3-acetamide amidohydrolase_c0,0.0,0.0,0.0
467,rxn01334_c0,"Sedoheptulose 1,7-bisphosphate D-glyceraldehyde-3-phosphate-lyase_c0",0.0,0.0,0.0
468,rxn09206_c0,Phosphatidylserine syntase (n-C14:0)_c0,0.0,0.0,0.0
469,rxn08821_c0,"Lysophospholipase L2 (2-acylglycerophosphotidate, n-C16:1)_c0",0.0,0.0,0.0
470,rxn10060_c0,NAD kinase (dTTP)_c0,0.0,0.0,0.0
471,EX_cpd00211_e0,Exchange for Butyrate_e0,0.0,0.0,0.0
472,rxn00165_c0,L-serine ammonia-lyase_c0,0.0,0.0,0.0
473,rxn01827_c0,"4-Hydroxyphenylpyruvate:oxygen oxidoreductase (hydroxylating,decarboxylating)_c0",0.0,0.0,0.0
474,rxn01653_c0,5-Formyltetrahydrofolate cyclo-ligase (ADP-forming)_c0,0.0,0.0,0.0
475,rxn02380_c0,beta-D-Glucose 6-phosphate ketol-isomerase_c0,0.0,0.0,0.0
476,rxn05422_c0,10-methyl-3-oxo-undecanoyl-ACP:NADP+ oxidoreductase_c0,0.0,0.0,0.0
477,rxn05307_c0,TRANS-RXNBWI-115637.ce.maizeexp.SER_c0,0.0,0.0,0.0
478,rxn10232_c0,isoheptadecanoyl-phosphatidylserine decarboxylase_c0,0.0,0.0,0.0
479,rxn10161_c0,Octadecanoate transport via proton symport_c0,0.0,0.0,0.0
480,rxn05287_c0,geranylgeranyl-diphosphate:isopentenyl-diphosphate transtransferase_c0,0.0,0.0,0.0
481,rxn06022_c0,[Acyl-carrier-protein] 4'-pantetheine-phosphohydrolase_c0,0.0,0.0,0.0
482,rxn01354_c0,dGTP:pyruvate 2-O-phosphotransferase_c0,0.0,0.0,0.0
483,rxn01674_c0,dCTP:uridine 5'-phosphotransferase_c0,0.0,0.0,0.0
484,rxn01084_c0,ATP:cob(I)alamin Co-beta-adenosyltransferase_c0,0.0,0.0,0.0
485,rxn17731_c0,biotin synthase_c0,0.0,0.0,0.0
486,rxn03249_c0,(S)-hydroxyhexanoyl-CoA:NAD+ oxidoreductase_c0,0.0,0.0,0.0
487,rxn03908_c0,ATP:4-(Cytidine 5'-diphospho)-2-C-methyl-D-erythritol 2-phosphotransferase_c0,0.0,0.0,0.0
488,EX_cpd00023_e0,Exchange for L-Glutamate_e0,0.0,0.0,0.0
489,rxn05338_c0,(3R)-3-Hydroxydecanoyl-[acyl-carrier-protein]:NADP+ oxidoreductase_c0,0.0,0.0,0.0
490,rxn02342_c0,R03270_c0,0.0,0.0,0.0
491,rxn15296_c0,6-Phospho-D-gluconate hydro-lyase(2-dehydro-3-deoxy-6-phospho-D-gluconate-forming)_c0,0.0,0.0,0.0
492,rxn09205_c0,Phosphatidylserine syntase (n-C12:0)_c0,0.0,0.0,0.0
493,rxn08924_c0,Mg2+-importing ATPase_c0,0.0,0.0,0.0
494,rxn10236_c0,anteisopentadecanoyl-phosphatidylserine decarboxylase_c0,0.0,0.0,0.0
495,rxn08797_c0,"Lysophospholipase L1 (2-acylglycerophosphotidate, n-C14:0) (periplasm)_c0",0.0,0.0,0.0
496,rxn05663_c0,TRANS-RXNBWI-115637.ce.maizeexp.TRP_c0,0.0,0.0,0.0
497,rxn10259_c0,isoheptadecanoyl-CDPdiacylglycerol:sn-glycerol-3-phosphate 3-phosphatidyltransferase_c0,0.0,0.0,0.0
498,rxn01133_c0,Acetyl-CoA:maltose O-acetyltransferase_c0,0.0,0.0,0.0
499,rxn08548_c0,glycerol-3-phosphate acyltransferase (C14:1)_c0,0.0,0.0,0.0
500,rxn10229_c0,isopentadecanoyl-CDPdiacylglycerol-serine O-phosphatidyltransferase_c0,0.0,0.0,0.0
501,rxn09696_c0,S-adenosylmethionine permease SAM3_c0,0.0,0.0,0.0
502,rxn03907_c0,CTP: 2-C-Methyl-D-erythritol 4-phosphate cytidylyltransferase_c0,0.0,0.0,0.0
503,rxn00946_c0,Palmitoyl-CoA:oxygen 2-oxidoreductase_c0,0.0,0.0,0.0
504,rxn02517_c0,ATP:dIDP phosphotransferase_c0,0.0,0.0,0.0
505,rxn10230_c0,anteisopentadecanoyl-CDPdiacylglycerol-serine O-phosphatidyltransferase_c0,0.0,0.0,0.0
506,EX_cpd00220_e0,Exchange for Riboflavin_e0,0.0,0.0,0.0
507,rxn03892_c0,R05613_c0,0.0,0.0,0.0
508,rxn02596_c0,R03634_c0,0.0,0.0,0.0
509,rxn05340_c0,(3R)-3-Hydroxydodecanoyl-[acyl-carrier-protein]:NADP+ oxidoreductase_c0,0.0,0.0,0.0
510,rxn05244_c0,TRANS-RXNBWI-115637.ce.maizeexp.ILE_c0,0.0,0.0,0.0
511,rxn08815_c0,"Lysophospholipase L1 (2-acylglycerophosphoglycerol, n-C18:0) (periplasm)_c0",0.0,0.0,0.0
512,rxn15334_c0,(S)(+)-Allantoin amidohydrolase_c0,0.0,0.0,0.0
513,rxn09107_c0,"phosphatidylglycerol phosphate phosphatase (periplasm, n-C18:1)_c0",0.0,0.0,0.0
514,rxn10570_c0,Methanol diffusion_c0,0.0,0.0,0.0
515,rxn03264_c0,ATP:L-selenomethione S-adenosyltransferase_c0,0.0,0.0,0.0
516,rxn21864_c0,RXN-11484.c_c0,0.0,0.0,0.0
517,rxn39452_c0,"2,3,4,5-tetrahydrodipicolinate:NADP+ 4-oxidoreductase_c0",0.0,0.0,0.0
518,rxn08839_c0,"Lysophospholipase L2 (2-acylglycerophosphoethanolamine, n-C14:0)_c0",0.0,0.0,0.0
519,rxn08126_c0,Amylomaltase (maltotriose)_c0,0.0,0.0,0.0
520,rxn01515_c0,dTTP:cytidine 5'-phosphotransferase_c0,0.0,0.0,0.0
521,rxn08020_c0,laurate-[acyl-carrier-protein] ligase_c0,0.0,0.0,0.0
522,EX_cpd00051_e0,Exchange for L-Arginine_e0,0.0,0.0,0.0
523,rxn42230_c0,rxn42230_c0,0.0,0.0,0.0
524,EX_cpd00028_e0,Exchange for Heme_e0,0.0,0.0,0.0
525,rxn01011_c0,D-Glycerate:NAD+ 2-oxidoreductase_c0,0.0,0.0,0.0
526,rxn08668_c0,Glycerophosphodiester phosphodiesterase (Glycerophosphoserine)_c0,0.0,0.0,0.0
527,rxn01275_c0,ATP:D-Gluconate 6-phosphotransferase_c0,0.0,0.0,0.0
528,rxn08796_c0,"Lysophospholipase L1 (2-acylglycerophosphotidate, n-C12:0) (periplasm)_c0",0.0,0.0,0.0
529,rxn01639_c0,N-Formimino-L-glutamate formiminohydrolase_c0,0.0,0.0,0.0
530,rxn26021_c0,MobA_c0,0.0,0.0,0.0
531,rxn00839_c0,ATP:dADP phosphotransferase_c0,0.0,0.0,0.0
532,rxn08813_c0,"Lysophospholipase L1 (2-acylglycerophosphoglycerol, n-C16:0) (periplasm)_c0",0.0,0.0,0.0
533,rxn08502_e0,enterobactin Fe(III) binding (spontaneous)_e0,0.0,0.0,0.0
534,EX_cpd00322_e0,Exchange for L-Isoleucine_e0,0.0,0.0,0.0
535,EX_cpd00104_e0,Exchange for BIOT_e0,0.0,0.0,0.0
536,rxn10220_c0,isoheptadecanoyl-phosphatidate cytidylyltransferase_c0,0.0,0.0,0.0
537,EX_cpd00065_e0,Exchange for L-Tryptophan_e0,0.0,0.0,0.0
538,rxn00369_c0,GTP:cytidine 5'-phosphotransferase_c0,0.0,0.0,0.0
539,rxn10770_c0,R08557_c0,0.0,0.0,0.0
540,rxn16574_c0,ATP:molybdopterin adenylyltransferase_c0,0.0,0.0,0.0
541,rxn01300_c0,ATP:L-homoserine O-phosphotransferase_c0,0.0,0.0,0.0
542,rxn00107_c0,ATP:2'-deoxy-5-hydroxymethylcytidine-5'-diphosphate phosphotransferase_c0,0.0,0.0,0.0
543,rxn41683_c0,rxn41683_c0,0.0,0.0,0.0
544,rxn00649_c0,O3-acetyl-L-serine:hydrogen-sulfide 2-amino-2-carboxyethyltransferase_c0,0.0,0.0,0.0
545,rxn00001_c0,diphosphate phosphohydrolase_c0,0.0,0.0,0.0
546,rxn00670_c0,propanoyl-CoA:phosphate propanoyltransferase_c0,0.0,0.0,0.0
547,rxn00743_c0,Glycerone phosphate phosphohydrolase_c0,0.0,0.0,0.0
548,rxn05372_c0,10-methyl-3-oxo-dodecanoyl-ACP:NADP+ oxidoreductase_c0,0.0,0.0,0.0
549,rxn01315_c0,"L-Phenylalanine,tetrahydrobiopterin:oxygen oxidoreductase (4-hydroxylating)_c0",0.0,0.0,0.0
550,rxn10221_c0,anteisoheptadecanoyl-phosphatidate cytidylyltransferase_c0,0.0,0.0,0.0
551,rxn09110_c0,Phosphatidylglycerol synthase (n-C14:1)_c0,0.0,0.0,0.0
552,rxn04384_c0,adenosylcobyric acid:(R)-1-aminopropan-2-yl phosphate ligase_c0,0.0,0.0,0.0
553,EX_cpd00119_e0,Exchange for L-Histidine_e0,0.0,0.0,0.0
554,rxn01516_c0,dTTP:uridine 5'-phosphotransferase_c0,0.0,0.0,0.0
555,EX_cpd00067_e0,Exchange for H+_e0,0.0,0.0,0.0
556,rxn08822_c0,"Lysophospholipase L2 (2-acylglycerophosphotidate, n-C18:0)_c0",0.0,0.0,0.0
557,rxn08942_c0,Maltodextrin phosphorylase (maltohexaose)_c0,0.0,0.0,0.0
558,EX_cpd00035_e0,Exchange for L-Alanine_e0,0.0,0.0,0.0
559,rxn03903_c0,UDPMurAc(oyl-L-Ala-D-gamma-Glu-L-Lys-D-Ala-D-Ala):undecaprenyl-phosphate phospho-N-acetylmuramoyl-pentapeptide-transferase_c0,0.0,0.0,0.0
560,rxn02866_c0,"3-methylbutanoyl-CoA:(acceptor) 2,3-oxidoreductase_c0",0.0,0.0,0.0
561,EX_cpd00069_e0,Exchange for L-Tyrosine_e0,0.0,0.0,0.0
562,rxn05360_c0,4-methyl-3-oxo-hexanoyl-ACP:NADP+ oxidoreductase_c0,0.0,0.0,0.0
563,rxn08798_c0,"Lysophospholipase L1 (2-acylglycerophosphotidate, n-C14:1) (periplasm)_c0",0.0,0.0,0.0
564,rxn01858_c0,Deoxyadenosine aminohydrolase_c0,0.0,0.0,0.0
565,rxn09211_c0,Phosphatidylserine syntase (n-C18:1)_c0,0.0,0.0,0.0
566,rxn08809_c0,"Lysophospholipase L1 (2-acylglycerophosphoethanolamine, n-C18:1) (periplasm)_c0",0.0,0.0,0.0
567,rxn01673_c0,ATP:dCDP phosphotransferase_c0,0.0,0.0,0.0
568,rxn02085_c0,"4,5-Dihydro-4-oxo-5-imidazolepropanoate hydro-lyase_c0",0.0,0.0,0.0
569,rxn02167_c0,(S)-3-Hydroxybutanoyl-CoA hydro-lyase_c0,0.0,0.0,0.0
570,rxn00216_c0,ATP:D-glucose 6-phosphotransferase_c0,0.0,0.0,0.0
571,rxn01370_c0,dGTP:uridine 5'-phosphotransferase_c0,0.0,0.0,0.0
572,rxn01477_c0,6-Phospho-D-gluconate hydro-lyase(2-dehydro-3-deoxy-6-phospho-D-gluconate-forming)_c0,0.0,0.0,0.0
573,rxn09197_c0,Phosphatidylserine decarboxylase (n-C12:0)_c0,0.0,0.0,0.0
574,rxn00510_c0,"N6-(L-1,3-Dicarboxypropyl)-L-lysine:NAD+ oxidoreductase (L-lysine-forming)_c0",0.0,0.0,0.0
575,rxn00612_c0,sn-Glycerol-3-phosphate:NADP+ 2-oxidoreductase_c0,0.0,0.0,0.0
576,rxn05430_c0,14-methyl-3-oxo-pentadecanoyl-ACP:NADP+ oxidoreductase_c0,0.0,0.0,0.0
577,rxn05368_c0,8-methyl-3-oxo-decanoyl-ACP:NADP+ oxidoreductase_c0,0.0,0.0,0.0
578,rxn05508_c0,TRANS-RXNBWI-115637.ce.maizeexp.ASN_c0,0.0,0.0,0.0
579,rxn00365_c0,ATP:cytidine 5'-phosphotransferase_c0,0.0,0.0,0.0
580,EX_cpd03726_e0,Exchange for Fe-enterochlin_e0,0.0,0.0,0.0
581,rxn02916_c0,R04175_c0,0.0,0.0,0.0
582,rxn08819_c0,"Lysophospholipase L2 (2-acylglycerophosphotidate, n-C14:1)_c0",0.0,0.0,0.0
583,rxn00728_c0,L-Kynurenine hydrolase_c0,0.0,0.0,0.0
584,rxn01825_c0,"Homogentisate:oxygen 1,2-oxidoreductase (decyclizing)_c0",0.0,0.0,0.0
585,rxn05397_c0,11-methyl-3-oxo-dodecanoyl-ACP:NADP+ oxidoreductase_c0,0.0,0.0,0.0
586,rxn03043_c0,5-Dehydro-4-deoxy-D-glucuronate ketol-isomerase_c0,0.0,0.0,0.0
587,rxn03039_c0,1-(5'-Phosphoribosyl)-5-amino-4-imidazolecarboxamide:pyrophosphate phosphoribosyltransferase_c0,0.0,0.0,0.0
588,rxn08128_c0,Amylomaltase (maltopentaose)_c0,0.0,0.0,0.0
589,rxn08806_c0,"Lysophospholipase L1 (2-acylglycerophosphoethanolamine, n-C16:0) (periplasm)_c0",0.0,0.0,0.0
590,rxn08312_c0,CDP-diacylglycerol synthetase (n-C18:1)_c0,0.0,0.0,0.0
591,rxn05148_c0,Heme transport via ABC system_c0,0.0,0.0,0.0
592,rxn02166_c0,4-Nitrophenyl phosphate phosphohydrolase_c0,0.0,0.0,0.0
593,EX_cpd00635_e0,Exchange for Cbl_e0,0.0,0.0,0.0
594,rxn00342_c0,L-Asparagine amidohydrolase_c0,0.0,0.0,0.0
595,rxn10231_c0,isohexadecanoyl-CDPdiacylglycerol-serine O-phosphatidyltransferase_c0,0.0,0.0,0.0
596,rxn04457_c0,R06605_c0,0.0,0.0,0.0
597,rxn40439_c0,L-lysine:8-amino-7-oxononanoate aminotransferase_c0,0.0,0.0,0.0
598,rxn08817_c0,"Lysophospholipase L2 (2-acylglycerophosphotidate, n-C12:0)_c0",0.0,0.0,0.0
599,rxn03891_c0,R05612_c0,0.0,0.0,0.0
600,rxn02679_c0,Octanoyl-CoA:oxygen 2-oxidoreductase_c0,0.0,0.0,0.0
601,rxn10262_c0,isopentadecanoyl-CDPdiacylglycerol:sn-glycerol-3-phosphate 3-phosphatidyltransferase_c0,0.0,0.0,0.0
602,EX_cpd03847_e0,Exchange for Myristic acid_e0,0.0,0.0,0.0
603,rxn10263_c0,anteisopentadecanoyl-CDPdiacylglycerol:sn-glycerol-3-phosphate 3-phosphatidyltransferase_c0,0.0,0.0,0.0
604,rxn01987_c0,R02750_c0,0.0,0.0,0.0
605,EX_cpd00054_e0,Exchange for L-Serine_e0,0.0,0.0,0.0
606,rxn00262_c0,L-Aspartic acid:oxygen oxidoreductase (deaminating)_c0,0.0,0.0,0.0
607,rxn09240_c0,Sulfate adenyltransferase_c0,0.0,0.0,0.0
608,rxn10260_c0,anteisoheptadecanoyl-CDPdiacylglycerol:sn-glycerol-3-phosphate 3-phosphatidyltransferase_c0,0.0,0.0,0.0
609,rxn01111_c0,ATP:D-ribulose-5-phosphate 1-phosphotransferase_c0,0.0,0.0,0.0
610,rxn08890_c0,"murein D,D-carboxypeptidase (murein5px4p) (periplasm)_c0",0.0,0.0,0.0
611,rxn08073_c0,N-Acetyl-D-glucosamine(anhydrous)N-Acetylmuramyl-tripeptide amidase (periplasm)_c0,0.0,0.0,0.0
612,rxn08823_c0,"Lysophospholipase L2 (2-acylglycerophosphotidate, n-C18:1)_c0",0.0,0.0,0.0
613,rxn08308_c0,CDP-diacylglycerol synthetase (n-C14:1)_c0,0.0,0.0,0.0
614,rxn00695_c0,ATP:alpha-D-glucose-1-phosphate adenylyltransferase_c0,0.0,0.0,0.0
615,rxn10228_c0,isotetradecanoyl-CDPdiacylglycerol-serine O-phosphatidyltransferase_c0,0.0,0.0,0.0
616,rxn08847_c0,"Lysophospholipase L2 (2-acylglycerophosphoglycerol, n-C14:1)_c0",0.0,0.0,0.0
617,rxn04453_c0,5-hydroxyisourate amidohydrolase_c0,0.0,0.0,0.0
618,rxn21861_c0,3-oxo-pimeloyl-[acp] methyl ester reductase_c0,0.0,0.0,0.0
619,rxn08123_c0,anhydrous-N-Acetylmuramyl-tripeptide amidase_c0,0.0,0.0,0.0
620,rxn00291_c0,N-succinyl-L-glutamate amidohydrolase_c0,0.0,0.0,0.0
621,rxn02376_c0,R03316_c0,0.0,0.0,0.0
622,rxn01485_c0,"D-Glucosamine 1-phosphate 1,6-phosphomutase_c0",0.0,0.0,0.0
623,EX_cpd00053_e0,Exchange for L-Glutamine_e0,0.0,0.0,0.0
624,rxn00441_c0,R00621_c0,0.0,0.0,0.0
625,rxn05297_c0,TRANS-RXNBWI-115637.ce.maizeexp.GLT_c0,0.0,0.0,0.0
626,rxn02720_c0,"Lauroyl-CoA:(acceptor) 2,3-oxidoreductase_c0",0.0,0.0,0.0
627,rxn00980_c0,2-Phosphoglycolate phosphohydrolase_c0,0.0,0.0,0.0
628,rxn05385_c0,5-methyl-3-oxo-hexanoyl-ACP:NADP+ oxidoreductase_c0,0.0,0.0,0.0
629,rxn08441_c0,myristoyl-CoA hydrolase_c0,0.0,0.0,0.0
630,rxn00095_c0,"P1,P4-bis(5'-adenosyl)-tetraphosphate nucleotidebisphosphohydrolase_c0",0.0,0.0,0.0
631,rxn02927_c0,N2-succinyl-L-arginine iminohydrolase (decarboxylating)_c0,0.0,0.0,0.0
632,rxn00566_c0,L-Cysteine hydrogen-sulfide-lyase (deaminating; pyruvate-forming)_c0,0.0,0.0,0.0
633,rxn00065_c0,"ATP diphosphate-lyase (cyclizing; 3',5'-cyclic-AMP-forming)_c0",0.0,0.0,0.0
634,rxn01509_c0,ATP:dGMP phosphotransferase_c0,0.0,0.0,0.0
635,rxn03080_c0,5-amino-6-(D-ribitylamino)uracil butanedionetransferase_c0,0.0,0.0,0.0
636,rxn01073_c0,sn-Glycero-3-phosphoethanolamine glycerophosphohydrolase_c0,0.0,0.0,0.0
637,rxn00222_c0,cellobiose glucohydrolase_c0,0.0,0.0,0.0
638,rxn05308_c0,Pantothenate reversible transport via proton symport_c0,0.0,0.0,0.0
639,rxn01128_c0,dATP:cytidine 5'-phosphotransferase_c0,0.0,0.0,0.0
640,rxn00840_c0,dATP:pyruvate 2-O-phosphotransferase_c0,0.0,0.0,0.0
641,rxn03951_c0,NAD-dependent threonine 4-phosphate dehydrogenase_c0,0.0,0.0,0.0
642,rxn09101_c0,"phosphatidylglycerol phosphate phosphatase (periplasm, n-C14:0)_c0",0.0,0.0,0.0
643,EX_cpd00039_e0,Exchange for L-Lysine_e0,0.0,0.0,0.0
644,rxn05064_c0,carbamate hydro-lyase_c0,0.0,0.0,0.0
645,rxn01480_c0,3-Hydroxy-2-methylpropanoate:NAD+ oxidoreductase_c0,0.0,0.0,0.0
646,rxn09562_c0,Guanylate kinase_c0,0.0,0.0,0.0
647,rxn01225_c0,Guanine aminohydrolase_c0,0.0,0.0,0.0
648,rxn01015_c0,hydroxypyruvate aldose-ketose-isomerase_c0,0.0,0.0,0.0
649,EX_cpd00161_e0,Exchange for L-Threonine_e0,0.0,0.0,0.0
650,rxn03910_c0,2-Phospho-4-(cytidine 5'-diphospho)-2-C-methyl-D-erythritol CMP-lyase (cyclizing)_c0,0.0,0.0,0.0
651,rxn08444_c0,Stearoyl-CoA hydrolase_c0,0.0,0.0,0.0
652,rxn01123_c0,ATP:2-dehydro-3-deoxy-D-gluconate 6-phosphotransferase_c0,0.0,0.0,0.0
653,rxn01705_c0,dCTP:cytidine 5'-phosphotransferase_c0,0.0,0.0,0.0
654,rxn00867_c0,L-histidine ammonia-lyase (urocanate-forming)_c0,0.0,0.0,0.0
655,rxn01642_c0,4-imidazolone-5-propanoate amidohydrolase_c0,0.0,0.0,0.0
656,rxn08127_c0,Amylomaltase (maltotetraose)_c0,0.0,0.0,0.0
657,rxn01974_c0,"LL-2,6-Diaminoheptanedioate 2-epimerase_c0",0.0,0.0,0.0
658,rxn00208_c0,Pyridoxamine-5'-phosphate:oxygen oxidoreductase (deaminating)_c0,0.0,0.0,0.0
659,rxn00943_c0,Palmitoyl-CoA hydrolase_c0,0.0,0.0,0.0
660,rxn23589_c0,RXN-13329.c_c0,0.0,0.0,0.0
661,rxn00818_c0,Raffinose galactohydrolase_c0,0.0,0.0,0.0
662,rxn10267_c0,isotetradecanoyl-Phosphatidylglycerophosphate phosphohydrolase_c0,0.0,0.0,0.0
663,rxn00148_c0,ATP:pyruvate 2-O-phosphotransferase_c0,0.0,0.0,0.0
664,rxn05733_c0,"O3-acetyl-L-serine:thiosulfate 2-amino-2-carboxyethyltransferase (reducing, L-cysteine-forming)_c0",0.0,0.0,0.0
665,rxn09203_c0,Phosphatidylserine decarboxylase (n-C18:1)_c0,0.0,0.0,0.0
666,rxn08802_c0,"Lysophospholipase L1 (2-acylglycerophosphotidate, n-C18:1) (periplasm)_c0",0.0,0.0,0.0
667,rxn08309_c0,CDP-diacylglycerol synthetase (n-C16:0)_c0,0.0,0.0,0.0
668,rxn26127_c0,maltodextrin phosphorylase_c0,0.0,0.0,0.0
669,rxn02173_c0,D-Galactonate hydro-lyase_c0,0.0,0.0,0.0
670,rxn05376_c0,12-methyl-3-oxo-tetra-decanoyl-ACP:NADP+ oxidoreductase_c0,0.0,0.0,0.0
671,rxn05380_c0,14-methyl-3-oxo-hexa-decanoyl-ACP:NADP+ oxidoreductase_c0,0.0,0.0,0.0
672,rxn03012_c0,R04336_c0,0.0,0.0,0.0
673,rxn10223_c0,isopentadecanoyl-phosphatidate cytidylyltransferase_c0,0.0,0.0,0.0
674,rxn44539_c0,rxn44539_c0,0.0,0.0,0.0
675,rxn00601_c0,succinyl-CoA:L-arginine N2-succinyltransferase_c0,0.0,0.0,0.0
676,rxn45425_c0,rxn45425_c0,0.0,0.0,0.0
677,rxn00999_c0,"Phenylpyruvate:oxygen oxidoreductase (hydroxylating,decarboxylating)_c0",0.0,0.0,0.0
678,rxn03958_c0,1-Deoxy-D-xylulose-5-phosphate isomeroreductase_c0,0.0,0.0,0.0
679,rxn12666_c0,Pyridoxal transport_c0,0.0,0.0,0.0
680,rxn05243_c0,TRANS-RXNBWI-115637.ce.maizeexp.LEU_c0,0.0,0.0,0.0
681,EX_cpd00107_e0,Exchange for L-Leucine_e0,0.0,0.0,0.0
682,rxn05303_c0,TRANS-RXNBWI-115637.ce.maizeexp.ARG_c0,0.0,0.0,0.0
683,rxn00577_c0,sucrose:phosphate alpha-D-glucosyltransferase_c0,0.0,0.0,0.0
684,rxn00713_c0,GTP:uridine 5'-phosphotransferase_c0,0.0,0.0,0.0
685,rxn09111_c0,Phosphatidylglycerol synthase (n-C16:0)_c0,0.0,0.0,0.0
686,rxn08893_c0,"murein D,D-carboxypeptidase (murein5p4p) (periplasm)_c0",0.0,0.0,0.0
687,EX_cpd00156_e0,Exchange for L-Valine_e0,0.0,0.0,0.0
688,rxn03990_c0,"nitric oxide, NAD(P)H2:oxygen oxidoreductase_c0",0.0,0.0,0.0
689,rxn08841_c0,"Lysophospholipase L2 (2-acylglycerophosphoethanolamine, n-C16:0)_c0",0.0,0.0,0.0
690,rxn01682_c0,"(1S,2R)-1-C-(indol-3-yl)glycerol 3-phosphate D-glyceraldehyde-3-phosphate-lyase_c0",0.0,0.0,0.0
691,rxn05337_c0,(3R)-3-Hydroxyhexanoyl-[acyl-carrier-protein]:NADP+ oxidoreductase_c0,0.0,0.0,0.0
692,rxn09208_c0,Phosphatidylserine syntase (n-C16:0)_c0,0.0,0.0,0.0
693,rxn09207_c0,Phosphatidylserine syntase (n-C14:1)_c0,0.0,0.0,0.0
694,rxn08440_c0,lauroyl-CoA hydrolase_c0,0.0,0.0,0.0
695,rxn08818_c0,"Lysophospholipase L2 (2-acylglycerophosphotidate, n-C14:0)_c0",0.0,0.0,0.0
696,rxn08805_c0,"Lysophospholipase L1 (2-acylglycerophosphoethanolamine, n-C14:1) (periplasm)_c0",0.0,0.0,0.0
697,rxn03253_c0,"Decanoyl-CoA:(acceptor) 2,3-oxidoreductase_c0",0.0,0.0,0.0
698,rxn09108_c0,Phosphatidylglycerol synthase (n-C12:0)_c0,0.0,0.0,0.0
699,rxn08895_c0,"murein D,D-endopeptidase (murein4px4p) (periplasm)_c0",0.0,0.0,0.0
700,rxn08306_c0,CDP-diacylglycerol synthetase (n-C12:0)_c0,0.0,0.0,0.0
701,rxn05687_c0,"Transport of putrescine, extracellular_c0",0.0,0.0,0.0
702,rxn10226_c0,isoheptadecanoyl-CDPdiacylglycerol-serine O-phosphatidyltransferase_c0,0.0,0.0,0.0
703,rxn00289_c0,"(2S,3R)-3-hydroxybutane-1,2,3-tricarboxylate pyruvate-lyase (succinate-forming)_c0",0.0,0.0,0.0
704,EX_cpd00041_e0,Exchange for L-Aspartate_e0,0.0,0.0,0.0
705,rxn07879_c0,3-hydroxy-3-(4-methylpent-3-en-1-yl)glutaryl-CoA acetate-lyase (7-methyl-3-oxooct-6-enoyl-CoA-forming)_c0,0.0,0.0,0.0
706,rxn00735_c0,"(2R,3S)-3-methylmalate:NAD+ oxidoreductase_c0",0.0,0.0,0.0
707,rxn03535_c0,"ATP:cob(I)yrinic acid-a,c-diamide Cobeta-adenosyltransferase_c0",0.0,0.0,0.0
708,rxn08848_c0,"Lysophospholipase L2 (2-acylglycerophosphoglycerol, n-C16:0)_c0",0.0,0.0,0.0
709,rxn09201_c0,Phosphatidylserine decarboxylase (n-C16:1)_c0,0.0,0.0,0.0
710,rxn08137_c0,"P1,P5-bis(5'-adenosyl)pentaphosphate nucleotidohydrolase (ATP-forming)_c0",0.0,0.0,0.0
711,rxn04989_c0,"L-phenylalanine,tetrahydrobiopterin:oxygen oxidoreductase(4-hydroxylating)_c0",0.0,0.0,0.0
712,rxn01137_c0,Adenosine aminohydrolase_c0,0.0,0.0,0.0
713,rxn08850_c0,"Lysophospholipase L2 (2-acylglycerophosphoglycerol, n-C18:0)_c0",0.0,0.0,0.0
714,rxn00711_c0,UMP:diphosphate phospho-alpha-D-ribosyltransferase_c0,0.0,0.0,0.0
715,rxn00712_c0,UTP:uridine 5'-phosphotransferase_c0,0.0,0.0,0.0
716,rxn08838_c0,"Lysophospholipase L2 (2-acylglycerophosphoethanolamine, n-C12:0)_c0",0.0,0.0,0.0
717,rxn00547_c0,ATP:D-fructose 6-phosphotransferase_c0,0.0,0.0,0.0
718,rxn05414_c0,6-methyl-3-oxo-heptanoyl-ACP:NADP+ oxidoreductase_c0,0.0,0.0,0.0
719,rxn02989_c0,R04293_c0,0.0,0.0,0.0
720,EX_cpd00060_e0,Exchange for L-Methionine_e0,0.0,0.0,0.0
721,rxn00056_c0,Fe(II):oxygen oxidoreductase_c0,0.0,0.0,0.0
722,rxn09209_c0,Phosphatidylserine syntase (n-C16:1)_c0,0.0,0.0,0.0
723,rxn01188_c0,3-dehydroshikimate hydro-lyase_c0,0.0,0.0,0.0
724,rxn10266_c0,anteisoheptadecanoyl-Phosphatidylglycerophosphate phosphohydrolase_c0,0.0,0.0,0.0
725,rxn05461_c0,3-Hydroxyoctodecanoyl-ACP:NADP+ oxidoreductase_c0,0.0,0.0,0.0
726,rxn00474_c0,L-serine hydro-lyase (adding indole; L-tryptophan-forming)_c0,0.0,0.0,0.0
727,rxn10227_c0,anteisoheptadecanoyl-CDPdiacylglycerol-serine O-phosphatidyltransferase_c0,0.0,0.0,0.0
728,rxn05645_c0,riboflavin transport in via proton symport_c0,0.0,0.0,0.0
729,rxn03504_c0,N-acetyl-D-galactosamine 6-phosphate amidohydrolase_c0,0.0,0.0,0.0
730,rxn00247_c0,ATP:oxaloacetate carboxy-lyase (transphosphorylating;phosphoenolpyruvate-forming)_c0,0.0,0.0,0.0
731,rxn45996_c0,rxn45996_c0,0.0,0.0,0.0
732,rxn03141_c0,UDP-N-acetylmuramoyl-L-alanyl-D-glutamyl-L-lysine:alanyl-D-alanine_c0,0.0,0.0,0.0
733,rxn00139_c0,AMP:diphosphate phospho-D-ribosyltransferase_c0,0.0,0.0,0.0
734,rxn03838_c0,R05549_c0,0.0,0.0,0.0
735,rxn01644_c0,L-Aspartate-4-semialdehyde hydro-lyase (adding pyruvate and cyclizing)_c0,0.0,0.0,0.0
736,EX_cpd03453_e0,Exchange for Enterobactin_e0,0.0,0.0,0.0
737,rxn01476_c0,"6-Phospho-D-glucono-1,5-lactone lactonohydrolase_c0",0.0,0.0,0.0
738,rxn05342_c0,(3R)-3-Hydroxytetradecanoyl-[acyl-carrier-protein]:NADP+ oxidoreductase_c0,0.0,0.0,0.0
739,EX_cpd00264_e0,Exchange for Spermidine_e0,0.0,0.0,0.0
740,rxn01129_c0,dATP:uridine 5'-phosphotransferase_c0,0.0,0.0,0.0
741,EX_cpd00132_e0,Exchange for L-Asparagine_e0,0.0,0.0,0.0
742,rxn10264_c0,isohexadecanoyl-CDPdiacylglycerol:sn-glycerol-3-phosphate 3-phosphatidyltransferase_c0,0.0,0.0,0.0
743,EX_cpd00017_e0,Exchange for S-Adenosyl-L-methionine_e0,0.0,0.0,0.0
744,rxn05405_c0,15-methyl-3-oxo-hexa-decanoyl-ACP:NADP+ oxidoreductase_c0,0.0,0.0,0.0
745,rxn05339_c0,(3R)-3-Hydroxybutanoyl-[acyl-carrier protein]:NADP+ oxidoreductase_c0,0.0,0.0,0.0
746,rxn09112_c0,Phosphatidylglycerol synthase (n-C16:1)_c0,0.0,0.0,0.0
747,rxn01510_c0,dGTP:cytidine 5'-phosphotransferase_c0,0.0,0.0,0.0
748,rxn00211_c0,UDP-glucose:NAD+ 6-oxidoreductase_c0,0.0,0.0,0.0
749,rxn05341_c0,(3R)-3-Hydroxyoctanoyl-[acyl-carrier-protein]:NADP+ oxidoreductase_c0,0.0,0.0,0.0
750,rxn03933_c0,UDP-N-acetyl-D-glucosamine:N-acetyl-alpha-D-muramyl(oyl-L-Ala-gamma-D-Glu-L-Lys-D-Ala-D-Ala)-diphosphoundecaprenol 4-beta-N-acetylglucosaminlytransferase_c0,0.0,0.0,0.0
751,rxn05410_c0,4-methyl-3-oxo-pentanoyl-ACP:NADP+ oxidoreductase_c0,0.0,0.0,0.0
752,rxn10268_c0,isopentadecanoyl-Phosphatidylglycerophosphate phosphohydrolase_c0,0.0,0.0,0.0
753,rxn08851_c0,"Lysophospholipase L2 (2-acylglycerophosphoglycerol, n-C18:1)_c0",0.0,0.0,0.0
754,rxn08804_c0,"Lysophospholipase L1 (2-acylglycerophosphoethanolamine, n-C14:0) (periplasm)_c0",0.0,0.0,0.0
755,rxn01451_c0,(S)-3-Hydroxybutanoyl-CoA:NAD+ oxidoreductase_c0,0.0,0.0,0.0
756,rxn10265_c0,isoheptadecanoyl-Phosphatidylglycerophosphate phosphohydrolase_c0,0.0,0.0,0.0
757,rxn08849_c0,"Lysophospholipase L2 (2-acylglycerophosphoglycerol, n-C16:1)_c0",0.0,0.0,0.0
758,rxn01069_c0,O-phospho-L-homoserine phosphate-lyase (adding water;L-threonine-forming)_c0,0.0,0.0,0.0
759,rxn08845_c0,"Lysophospholipase L2 (2-acylglycerophosphoglycerol, n-C12:0)_c0",0.0,0.0,0.0
760,rxn10222_c0,isotetradecanoyl-phosphatidate cytidylyltransferase_c0,0.0,0.0,0.0
761,rxn10261_c0,isotetradecanoyl-CDPdiacylglycerol:sn-glycerol-3-phosphate 3-phosphatidyltransferase_c0,0.0,0.0,0.0
762,rxn09109_c0,Phosphatidylglycerol synthase (n-C14:0)_c0,0.0,0.0,0.0
763,EX_cpd00118_e0,Exchange for Putrescine_e0,0.0,0.0,0.0
764,rxn00478_c0,"L-tryptophan:oxygen 2,3-oxidoreductase (decyclizing)_c0",0.0,0.0,0.0
765,rxn05301_c0,TRANS-RXNBWI-115637.ce.maizeexp.TYR_c0,0.0,0.0,0.0
766,rxn10235_c0,isopentadecanoyl-phosphatidylserine decarboxylase_c0,0.0,0.0,0.0
767,rxn00679_c0,"propanoyl-CoA:oxaloacetate C-propanoyltransferase (thioester-hydrolysing, 1-carboxyethyl-forming)_c0",0.0,0.0,0.0
768,rxn01171_c0,D-glucose 1-epimerase_c0,0.0,0.0,0.0
769,rxn08843_c0,"Lysophospholipase L2 (2-acylglycerophosphoethanolamine, n-C18:0)_c0",0.0,0.0,0.0
770,rxn05305_c0,L-lysine transport out via proton antiport reversible_c0,0.0,0.0,0.0
771,rxn08192_c0,ABC-5-RXN.cp_c0,0.0,0.0,0.0
772,rxn00808_c0,ATP:D-galactose 1-phosphotransferase_c0,0.0,0.0,0.0
773,rxn02933_c0,"(2S,3S)-3-hydroxy-2-methylbutanoyl-CoA:NAD+ oxidoreductase_c0",0.0,0.0,0.0
774,rxn08816_c0,"Lysophospholipase L1 (2-acylglycerophosphoglycerol, n-C18:1) (periplasm)_c0",0.0,0.0,0.0
775,rxn03269_c0,dTDP-6-deoxy-L-mannose:NADP+ 4-oxidoreductase_c0,0.0,0.0,0.0
776,rxn01800_c0,Deoxycytidine aminohydrolase_c0,0.0,0.0,0.0
777,rxn03031_c0,"Succinyl-CoA:2,3,4,5-tetrahydropyridine-2,6-dicarboxylate N-succinyltransferase_c0",0.0,0.0,0.0
778,rxn08808_c0,"Lysophospholipase L1 (2-acylglycerophosphoethanolamine, n-C18:0) (periplasm)_c0",0.0,0.0,0.0
779,rxn08667_c0,Gp4G hydrolase_c0,0.0,0.0,0.0
780,rxn08941_c0,Maltodextrin phosphorylase (maltopentaose)_c0,0.0,0.0,0.0
781,rxn00214_c0,UDP-glucose 4-epimerase_c0,0.0,0.0,0.0
782,rxn08811_c0,"Lysophospholipase L1 (2-acylglycerophosphoglycerol, n-C14:0) (periplasm)_c0",0.0,0.0,0.0
783,rxn08807_c0,"Lysophospholipase L1 (2-acylglycerophosphoethanolamine, n-C16:1) (periplasm)_c0",0.0,0.0,0.0
784,rxn00361_c0,ATP:adenylylsulfate 3'-phosphotransferase_c0,0.0,0.0,0.0
785,rxn05740_c0,"1,4-alpha-glucan-branching enzyme_c0",0.0,0.0,0.0
786,rxn00104_c0,polyphosphate kinase_c0,0.0,0.0,0.0
787,rxn09104_c0,"phosphatidylglycerol phosphate phosphatase (periplasm, n-C16:0)_c0",0.0,0.0,0.0
788,EX_cpd01080_e0,Exchange for ocdca_e0,0.0,0.0,0.0
789,rxn05364_c0,6-methyl-3-oxo-octanoyl-ACP:NADP+ oxidoreductase_c0,0.0,0.0,0.0
790,rxn10162_c0,Hexadecanoate transport via proton symport_c0,0.0,0.0,0.0
791,rxn10233_c0,anteisoheptadecanoyl-phosphatidylserine decarboxylase_c0,0.0,0.0,0.0
792,rxn03251_c0,"Hexanoyl-CoA:(acceptor) 2,3-oxidoreductase_c0",0.0,0.0,0.0
793,rxn01127_c0,ATP:dAMP phosphotransferase_c0,0.0,0.0,0.0
794,EX_cpd00033_e0,Exchange for Glycine_e0,0.0,0.0,0.0
795,rxn08846_c0,"Lysophospholipase L2 (2-acylglycerophosphoglycerol, n-C14:0)_c0",0.0,0.0,0.0
796,EX_cpd00971_e0,Exchange for Na+_e0,0.0,0.0,0.0
797,rxn09678_c0,TRANS-RXNBWI-115637.ce.maizeexp.GLN_c0,0.0,0.0,0.0
798,rxn00816_c0,Lactose galactohydrolase_c0,0.0,0.0,0.0
799,rxn10163_c0,Tetradecanoate transport via proton symport_c0,0.0,0.0,0.0
800,rxn00410_c0,UTP:ammonia ligase (ADP-forming)_c0,0.0,0.0,0.0
801,rxn08842_c0,"Lysophospholipase L2 (2-acylglycerophosphoethanolamine, n-C16:1)_c0",0.0,0.0,0.0
802,rxn02201_c0,"2-amino-4-hydroxy-6-hydroxymethyl-7,8-dihydropteridine-diphosphate:4-aminobenzoate 2-amino-4-hydroxydihydropteridine-6-methenyltransferase_c0",0.0,0.0,0.0
803,rxn01930_c0,3-Hydroxy-L-kynurenine hydrolase_c0,0.0,0.0,0.0
804,rxn00772_c0,ATP:D-ribose 5-phosphotransferase_c0,0.0,0.0,0.0
805,rxn05652_c0,spermidine transport in via proton antiport_c0,0.0,0.0,0.0
806,rxn10237_c0,isohexadecanoyl-phosphatidylserine decarboxylase_c0,0.0,0.0,0.0
807,rxn08546_c0,glycerol-3-phosphate acyltransferase (C12:0)_c0,0.0,0.0,0.0
808,rxn01868_c0,p-Cumic alcohol:NADP+ oxidoreductase_c0,0.0,0.0,0.0
809,rxn08076_c0,N-Acetyl-D-glucosamine(anhydrous)N-Acetylmuramyl-tetrapeptide amidase (periplasm)_c0,0.0,0.0,0.0
810,rxn08307_c0,CDP-diacylglycerol synthetase (n-C14:0)_c0,0.0,0.0,0.0
811,rxn10234_c0,isotetradecanoyl-phosphatidylserine decarboxylase_c0,0.0,0.0,0.0
812,rxn05426_c0,12-methyl-3-oxo-tridecanoyl-ACP:NADP+ oxidoreductase_c0,0.0,0.0,0.0
813,rxn03422_c0,N-succinyl-L-glutamate 5-semialdehyde:NAD+ oxidoreductase_c0,0.0,0.0,0.0
814,rxn08783_c0,DLACTDEHYDROGFAD-RXN.c.metaexp.CPD-9956_c0,0.0,0.0,0.0
815,EX_cpd00214_e0,Exchange for Palmitate_e0,0.0,0.0,0.0
816,rxn27289_c0,thiazole synthase_c0,0.0,0.0,0.0
817,rxn00587_c0,"Catechol:oxygen 2,3-oxidoreductase (decyclizing)_c0",0.0,0.0,0.0
818,rxn08669_c0,Glycerophosphodiester phosphodiesterase_c0,0.0,0.0,0.0
819,rxn00368_c0,UTP:cytidine 5'-phosphotransferase_c0,0.0,0.0,0.0
820,rxn08840_c0,"Lysophospholipase L2 (2-acylglycerophosphoethanolamine, n-C14:1)_c0",0.0,0.0,0.0
821,EX_cpd00066_e0,Exchange for L-Phenylalanine_e0,0.0,0.0,0.0
822,rxn08803_c0,"Lysophospholipase L1 (2-acylglycerophosphoethanolamine, n-C12:0) (periplasm)_c0",0.0,0.0,0.0
823,rxn02465_c0,N-acetyl-L-glutamate-5-semialdehyde:NADP+ 5-oxidoreductase (phosphrylating)_c0,0.0,0.0,0.0
824,rxn04750_c0,(S)-3-hydroxyacyl-CoA:NAD+ oxidoreductase_c0,0.0,0.0,0.0
825,rxn08844_c0,"Lysophospholipase L2 (2-acylglycerophosphoethanolamine, n-C18:1)_c0",0.0,0.0,0.0
826,rxn01241_c0,Dihydrolipoamide:NAD+ oxidoreductase_c0,0.0,0.0,0.0
827,rxn05299_c0,TRANS-RXNBWI-115637.ce.maizeexp.HIS_c0,0.0,0.0,0.0
828,rxn05300_c0,TRANS-RXNBWI-115637.ce.maizeexp.THR_c0,0.0,0.0,0.0
829,rxn01518_c0,ATP:deoxyuridine 5'-phosphotransferase_c0,0.0,0.0,0.0
830,rxn04133_c0,R06064_c0,0.0,0.0,0.0
831,rxn09103_c0,"phosphatidylglycerol phosphate phosphatase (periplasm, n-C14:1)_c0",0.0,0.0,0.0
832,rxn08044_c0,N-acetylmuramate 6-phosphate hydro-lyase (N-acetyl-D-glucosamine 6-phosphate forming)_c0,0.0,0.0,0.0
833,rxn01867_c0,p-cumic alcohol:NAD+ oxidoreductase_c0,0.0,0.0,0.0
834,rxn08814_c0,"Lysophospholipase L1 (2-acylglycerophosphoglycerol, n-C16:1) (periplasm)_c0",0.0,0.0,0.0
835,rxn09199_c0,Phosphatidylserine decarboxylase (n-C14:1)_c0,0.0,0.0,0.0
836,rxn00992_c0,(R)-3-Hydroxybutanoate:NAD+ oxidoreductase_c0,0.0,0.0,0.0
837,rxn24718_c0,RXN-8243.c_c0,0.0,0.0,0.0
838,rxn05217_c0,TRANS-RXNBWI-115637.ce.maizeexp.L-ASPARTATE_c0,0.0,0.0,0.0
839,rxn08310_c0,CDP-diacylglycerol synthetase (n-C16:1)_c0,0.0,0.0,0.0
840,rxn01132_c0,Maltose:phosphate 1-beta-D-glucosyltransferase_c0,0.0,0.0,0.0
841,rxn01329_c0,"D-mannose 6-phosphate 1,6-phosphomutase_c0",0.0,0.0,0.0
842,rxn02929_c0,"2,3,4,5-Tetrahydrodipicolinate:NADP+ oxidoreductase_c0",0.0,0.0,0.0
843,rxn05418_c0,8-methyl-3-oxo-nonanoyl-ACP:NADP+ oxidoreductase_c0,0.0,0.0,0.0
844,EX_cpd00129_e0,Exchange for L-Proline_e0,0.0,0.0,0.0
845,rxn01748_c0,Allantoin amidohydrolase_c0,0.0,0.0,0.0
846,rxn05389_c0,7-methyl-3-oxo-octanoyl-ACP:NADP+ oxidoreductase_c0,0.0,0.0,0.0
847,rxn03991_c0,"nitric oxide, NADPH2:oxygen oxidoreductase_c0",0.0,0.0,0.0
848,rxn16609_c0,ATP:(KDO)-lipid IVA 3-deoxy-alpha-D-manno-oct-2-ulopyranose 4-phosphotransferase_c0,0.0,0.0,0.0
849,rxn08812_c0,"Lysophospholipase L1 (2-acylglycerophosphoglycerol, n-C14:1) (periplasm)_c0",0.0,0.0,0.0
850,rxn08810_c0,"Lysophospholipase L1 (2-acylglycerophosphoglycerol, n-C12:0) (periplasm)_c0",0.0,0.0,0.0
851,rxn08136_c0,"1,6-anhydrous-N-Acetylmuramate kinase_c0",0.0,0.0,0.0
852,rxn00872_c0,Butanoyl-CoA:oxygen 2-oxidoreductase_c0,0.0,0.0,0.0
853,rxn10269_c0,anteisopentadecanoyl-Phosphatidylglycerophosphate phosphohydrolase_c0,0.0,0.0,0.0
854,DM_cpd15302_c0,Demand for glycogen(n-1)_c0,0.0,0.0,0.0
855,rxn05683_c0,"Butyrate transport via proton symport, reversible_c0",0.0,0.0,0.0
856,rxn08898_c0,"murein D,D-endopeptidase (murein4px4px4p) (periplasm)_c0",0.0,0.0,0.0
857,rxn08124_c0,anhydrous-N-Acetylmuramyl-tetrapeptide amidase_c0,0.0,0.0,0.0
858,rxn05582_c0,TRANS-RXNBWI-115637.ce.maizeexp.GLY_c0,0.0,0.0,0.0
859,rxn05401_c0,13-methyl-3-oxo-tetra-decanoyl-ACP:NADP+ oxidoreductase_c0,0.0,0.0,0.0
860,rxn09102_c0,"phosphatidylglycerol phosphate phosphatase (periplasm, n-C14:0)_c0",0.0,0.0,0.0
861,rxn26361_c0,molybdenum cofactor cytidylyltransferase_c0,0.0,0.0,0.0
862,rxn01504_c0,(S)-3-Hydroxy-3-methylglutaryl-CoA hydro-lyase (trans-3-methylglutaconyl-CoA-forming)_c0,0.0,0.0,0.0
863,ATPM,ATP maintenance requirement,3.15,3.15,0.0
864,rxn00758_c0,sn-Glycero-3-phosphocholine glycerophosphohydrolase_c0,0.0,0.0,0.0
865,EX_cpd00100_e0,Exchange for Glycerol_e0,0.0,0.0,0.0
866,EX_cpd00644_e0,Exchange for PAN_e0,0.0,0.0,0.0
867,rxn01143_c0,ATP:thymidine 5'-phosphotransferase_c0,0.0,0.0,0.0
868,rxn08800_c0,"Lysophospholipase L1 (2-acylglycerophosphotidate, n-C16:1) (periplasm)_c0",0.0,0.0,0.0
869,rxn08021_c0,acyl-[acyl-carrier-protein] synthetase  (n-C10:0)_c0,0.0,0.0,0.0
870,EX_cpd00116_e0,Exchange for Methanol_e0,0.0,0.0,0.0
871,rxn09114_c0,Phosphatidylglycerol synthase (n-C18:1)_c0,0.0,0.0,0.0
872,rxn05054_c0,adenosylcobyric acid:(R)-1-aminopropan-2-ol ligase (ADP-forming)_c0,0.0,0.0,0.0
873,rxn05669_c0,TRANS-RXNBWI-115637.ce.maizeexp.VAL_c0,0.0,0.0,0.0
874,rxn00817_c0,melibiose galactohydrolase_c0,0.0,0.0,0.0
875,rxn00187_c0,L-Glutamate:ammonia ligase (ADP-forming)_c0,0.0,0.0,0.0
876,rxn26307_c0,RXN0-5306.c_c0,0.0,0.0,0.0
877,rxn09105_c0,"phosphatidylglycerol phosphate phosphatase (periplasm, n-C16:1)_c0",0.0,0.0,0.0
878,rxn05306_c0,TRANS-RXNBWI-115637.ce.maizeexp.PHE_c0,0.0,0.0,0.0
879,rxn00675_c0,Propionyladenylate:CoA propionyltransferase_c0,0.0,0.0,0.0
