media_name,o2,glucose,acetate,po_ratio,growth_rate,oxygen_flux,uptake,co2,organic_c,biomass,co2_norm,organic_c_norm,biomass_norm,cue,gge,bge
Glucose Only,0,10.0,0,"(1, 1)",0.0,,,,,,,,,,,
Glucose Only,0,10.0,0,"(2, 1)",0.0,,,,,,,,,,,
Glucose Only,0,10.0,0,"(3, 1)",0.0,,,,,,,,,,,
Glucose Only,0,10.0,0,"(4, 1)",0.0,,,,,,,,,,,
Glucose Only,0,10.0,0,"(5, 1)",0.0,,,,,,,,,,,
Glucose Only,5,10.0,0,"(1, 1)",0.43768585061098925,-5.0,60.0,18.016420040832035,23.234141741209566,18.749438217958403,0.30027366734720057,0.3872356956868261,0.3124906369659734,0.6997263326527994,0.31249063696597335,0.5099687347425258
Glucose Only,5,10.0,0,"(2, 1)",0.43768585061098925,-5.0,60.0,18.016420040832035,23.234141741209566,18.749438217958403,0.30027366734720057,0.3872356956868261,0.3124906369659734,0.6997263326527994,0.31249063696597335,0.5099687347425258
Glucose Only,5,10.0,0,"(3, 1)",0.43768585061098925,-5.0,60.0,18.016420040832035,23.234141741209566,18.749438217958403,0.30027366734720057,0.3872356956868261,0.3124906369659734,0.6997263326527994,0.31249063696597335,0.5099687347425258
Glucose Only,5,10.0,0,"(4, 1)",0.43768585061098925,-5.0,60.0,18.016420040832035,23.234141741209566,18.749438217958403,0.30027366734720057,0.3872356956868261,0.3124906369659734,0.6997263326527994,0.31249063696597335,0.5099687347425258
Glucose Only,5,10.0,0,"(5, 1)",0.43768585061098925,-5.0,60.0,18.016420040832035,23.234141741209566,18.749438217958403,0.30027366734720057,0.3872356956868261,0.3124906369659734,0.6997263326527994,0.31249063696597335,0.5099687347425258
Glucose Only,10,10.0,0,"(1, 1)",0.5191598401172781,-10.0,60.0,21.28354584924019,16.476860766587908,22.2395933841719,0.3547257641540032,0.27461434610979846,0.37065988973619834,0.6452742358459969,0.37065988973619823,0.5109832097565904
Glucose Only,10,10.0,0,"(2, 1)",0.5191598401172781,-10.0,60.0,21.28354584924019,16.476860766587908,22.2395933841719,0.3547257641540032,0.27461434610979846,0.37065988973619834,0.6452742358459969,0.37065988973619823,0.5109832097565904
Glucose Only,10,10.0,0,"(3, 1)",0.5191598401172781,-10.0,60.0,21.28354584924019,16.476860766587908,22.2395933841719,0.3547257641540032,0.27461434610979846,0.37065988973619834,0.6452742358459969,0.37065988973619823,0.5109832097565904
Glucose Only,10,10.0,0,"(4, 1)",0.5191598401172781,-10.0,60.0,21.28354584924019,16.476860766587908,22.2395933841719,0.3547257641540032,0.27461434610979846,0.37065988973619834,0.6452742358459969,0.37065988973619823,0.5109832097565904
Glucose Only,10,10.0,0,"(5, 1)",0.5191598401172781,-10.0,60.0,21.28354584924019,16.476860766587908,22.2395933841719,0.3547257641540032,0.27461434610979846,0.37065988973619834,0.6452742358459969,0.37065988973619823,0.5109832097565904
Glucose Only,20,10.0,0,"(1, 1)",0.6821078191331319,-20.0,60.0,27.817797466214163,2.9622988174701264,29.219903716315713,0.463629957770236,0.04937164695783544,0.48699839527192856,0.5363700422297639,0.48699839527192845,0.512291048035181
Glucose Only,20,10.0,0,"(2, 1)",0.6821078191331319,-20.0,60.0,27.817797466214163,2.9622988174701264,29.219903716315713,0.463629957770236,0.04937164695783544,0.48699839527192856,0.5363700422297639,0.48699839527192845,0.512291048035181
Glucose Only,20,10.0,0,"(3, 1)",0.6821078191331319,-20.0,60.0,27.817797466214163,2.9622988174701264,29.219903716315713,0.463629957770236,0.04937164695783544,0.48699839527192856,0.5363700422297639,0.48699839527192845,0.512291048035181
Glucose Only,20,10.0,0,"(4, 1)",0.6821078191331319,-20.0,60.0,27.817797466214163,2.9622988174701264,29.219903716315713,0.463629957770236,0.04937164695783544,0.48699839527192856,0.5363700422297639,0.48699839527192845,0.512291048035181
Glucose Only,20,10.0,0,"(5, 1)",0.6821078191331319,-20.0,60.0,27.817797466214163,2.9622988174701264,29.219903716315713,0.463629957770236,0.04937164695783544,0.48699839527192856,0.5363700422297639,0.48699839527192845,0.512291048035181
Glucose Only,30,10.0,0,"(1, 1)",0.7570863198831086,-24.900796320158644,60.0,27.53895628332136,0.02923638159011766,32.43180733508852,0.4589826047220227,0.000487273026501961,0.5405301222514753,0.5410173952779773,0.5405301222514753,0.5407936364033986
Glucose Only,30,10.0,0,"(2, 1)",0.7570863198831086,-24.900796320158644,60.0,27.53895628332136,0.02923638159011766,32.43180733508852,0.4589826047220227,0.000487273026501961,0.5405301222514753,0.5410173952779773,0.5405301222514753,0.5407936364033986
Glucose Only,30,10.0,0,"(3, 1)",0.7570863198831086,-24.900796320158644,60.0,27.53895628332136,0.02923638159011766,32.43180733508852,0.4589826047220227,0.000487273026501961,0.5405301222514753,0.5410173952779773,0.5405301222514753,0.5407936364033986
Glucose Only,30,10.0,0,"(4, 1)",0.7570863198831086,-24.900796320158644,60.0,27.53895628332136,0.02923638159011766,32.43180733508852,0.4589826047220227,0.000487273026501961,0.5405301222514753,0.5410173952779773,0.5405301222514753,0.5407936364033986
Glucose Only,30,10.0,0,"(5, 1)",0.7570863198831086,-24.900796320158644,60.0,27.53895628332136,0.02923638159011766,32.43180733508852,0.4589826047220227,0.000487273026501961,0.5405301222514753,0.5410173952779773,0.5405301222514753,0.5407936364033986
Glucose Only,1000,10.0,0,"(1, 1)",0.7570863198831086,-24.900796320158644,60.0,27.53895628332136,0.02923638159011766,32.43180733508852,0.4589826047220227,0.000487273026501961,0.5405301222514753,0.5410173952779773,0.5405301222514753,0.5407936364033986
Glucose Only,1000,10.0,0,"(2, 1)",0.7570863198831086,-24.900796320158644,60.0,27.53895628332136,0.02923638159011766,32.43180733508852,0.4589826047220227,0.000487273026501961,0.5405301222514753,0.5410173952779773,0.5405301222514753,0.5407936364033986
Glucose Only,1000,10.0,0,"(3, 1)",0.7570863198831086,-24.900796320158644,60.0,27.53895628332136,0.02923638159011766,32.43180733508852,0.4589826047220227,0.000487273026501961,0.5405301222514753,0.5410173952779773,0.5405301222514753,0.5407936364033986
Glucose Only,1000,10.0,0,"(4, 1)",0.7570863198831086,-24.900796320158644,60.0,27.53895628332136,0.02923638159011766,32.43180733508852,0.4589826047220227,0.000487273026501961,0.5405301222514753,0.5410173952779773,0.5405301222514753,0.5407936364033986
Glucose Only,1000,10.0,0,"(5, 1)",0.7570863198831086,-24.900796320158644,60.0,27.53895628332136,0.02923638159011766,32.43180733508852,0.4589826047220227,0.000487273026501961,0.5405301222514753,0.5410173952779773,0.5405301222514753,0.5407936364033986
Acetate Only,0,0.0,30,"(1, 1)",0.0,,,,,,,,,,,
Acetate Only,0,0.0,30,"(2, 1)",0.0,,,,,,,,,,,
Acetate Only,0,0.0,30,"(3, 1)",0.0,,,,,,,,,,,
Acetate Only,0,0.0,30,"(4, 1)",0.0,,,,,,,,,,,
Acetate Only,0,0.0,30,"(5, 1)",0.0,,,,,,,,,,,
Acetate Only,5,0.0,30,"(1, 1)",0.034022063260691675,-5.0,8.577229267878382,3.1186182721382427,4.001185373542523,1.4574256221976167,0.36359273778741463,0.46648926460750123,0.16991799760508416,0.6364072622125854,0.1699179976050842,0.31849030644168225
Acetate Only,5,0.0,30,"(2, 1)",0.034022063260691675,-5.0,8.577229267878382,3.1186182721382427,4.001185373542523,1.4574256221976167,0.36359273778741463,0.46648926460750123,0.16991799760508416,0.6364072622125854,0.1699179976050842,0.31849030644168225
Acetate Only,5,0.0,30,"(3, 1)",0.034022063260691675,-5.0,8.577229267878382,3.1186182721382427,4.001185373542523,1.4574256221976167,0.36359273778741463,0.46648926460750123,0.16991799760508416,0.6364072622125854,0.1699179976050842,0.31849030644168225
Acetate Only,5,0.0,30,"(4, 1)",0.034022063260691675,-5.0,8.577229267878382,3.1186182721382427,4.001185373542523,1.4574256221976167,0.36359273778741463,0.46648926460750123,0.16991799760508416,0.6364072622125854,0.1699179976050842,0.31849030644168225
Acetate Only,5,0.0,30,"(5, 1)",0.034022063260691675,-5.0,8.577229267878382,3.1186182721382427,4.001185373542523,1.4574256221976167,0.36359273778741463,0.46648926460750123,0.16991799760508416,0.6364072622125854,0.1699179976050842,0.31849030644168225
Acetate Only,10,0.0,30,"(1, 1)",0.06804412652138335,-10.0,17.154458535756763,6.237236544276485,8.002370747085045,2.9148512443952335,0.36359273778741463,0.46648926460750123,0.16991799760508416,0.6364072622125854,0.1699179976050842,0.31849030644168225
Acetate Only,10,0.0,30,"(2, 1)",0.06804412652138335,-10.0,17.154458535756763,6.237236544276485,8.002370747085045,2.9148512443952335,0.36359273778741463,0.46648926460750123,0.16991799760508416,0.6364072622125854,0.1699179976050842,0.31849030644168225
Acetate Only,10,0.0,30,"(3, 1)",0.06804412652138335,-10.0,17.154458535756763,6.237236544276485,8.002370747085045,2.9148512443952335,0.36359273778741463,0.46648926460750123,0.16991799760508416,0.6364072622125854,0.1699179976050842,0.31849030644168225
Acetate Only,10,0.0,30,"(4, 1)",0.06804412652138335,-10.0,17.154458535756763,6.237236544276485,8.002370747085045,2.9148512443952335,0.36359273778741463,0.46648926460750123,0.16991799760508416,0.6364072622125854,0.1699179976050842,0.31849030644168225
Acetate Only,10,0.0,30,"(5, 1)",0.06804412652138335,-10.0,17.154458535756763,6.237236544276485,8.002370747085045,2.9148512443952335,0.36359273778741463,0.46648926460750123,0.16991799760508416,0.6364072622125854,0.1699179976050842,0.31849030644168225
Acetate Only,20,0.0,30,"(1, 1)",0.1360882530427667,-20.0,34.30891707151353,12.47447308855297,16.00474149417009,5.829702488790467,0.36359273778741463,0.46648926460750123,0.16991799760508416,0.6364072622125854,0.1699179976050842,0.31849030644168225
Acetate Only,20,0.0,30,"(2, 1)",0.1360882530427667,-20.0,34.30891707151353,12.47447308855297,16.00474149417009,5.829702488790467,0.36359273778741463,0.46648926460750123,0.16991799760508416,0.6364072622125854,0.1699179976050842,0.31849030644168225
Acetate Only,20,0.0,30,"(3, 1)",0.1360882530427667,-20.0,34.30891707151353,12.47447308855297,16.00474149417009,5.829702488790467,0.36359273778741463,0.46648926460750123,0.16991799760508416,0.6364072622125854,0.1699179976050842,0.31849030644168225
Acetate Only,20,0.0,30,"(4, 1)",0.1360882530427667,-20.0,34.30891707151353,12.47447308855297,16.00474149417009,5.829702488790467,0.36359273778741463,0.46648926460750123,0.16991799760508416,0.6364072622125854,0.1699179976050842,0.31849030644168225
Acetate Only,20,0.0,30,"(5, 1)",0.1360882530427667,-20.0,34.30891707151353,12.47447308855297,16.00474149417009,5.829702488790467,0.36359273778741463,0.46648926460750123,0.16991799760508416,0.6364072622125854,0.1699179976050842,0.31849030644168225
Acetate Only,30,0.0,30,"(1, 1)",0.20413237956415,-30.0,51.46337560727028,18.711709632829454,24.007112241255125,8.7445537331857,0.36359273778741463,0.4664892646075011,0.16991799760508422,0.6364072622125854,0.1699179976050842,0.31849030644168225
Acetate Only,30,0.0,30,"(2, 1)",0.20413237956415,-30.0,51.46337560727028,18.711709632829454,24.007112241255125,8.7445537331857,0.36359273778741463,0.4664892646075011,0.16991799760508422,0.6364072622125854,0.1699179976050842,0.31849030644168225
Acetate Only,30,0.0,30,"(3, 1)",0.20413237956415,-30.0,51.46337560727028,18.711709632829454,24.007112241255125,8.7445537331857,0.36359273778741463,0.4664892646075011,0.16991799760508422,0.6364072622125854,0.1699179976050842,0.31849030644168225
Acetate Only,30,0.0,30,"(4, 1)",0.20413237956415,-30.0,51.46337560727028,18.711709632829454,24.007112241255125,8.7445537331857,0.36359273778741463,0.4664892646075011,0.16991799760508422,0.6364072622125854,0.1699179976050842,0.31849030644168225
Acetate Only,30,0.0,30,"(5, 1)",0.20413237956415,-30.0,51.46337560727028,18.711709632829454,24.007112241255125,8.7445537331857,0.36359273778741463,0.4664892646075011,0.16991799760508422,0.6364072622125854,0.1699179976050842,0.31849030644168225
Acetate Only,1000,0.0,30,"(1, 1)",0.2473107095749277,-38.10736531551948,60.0,23.84411909272077,25.5616684982154,10.594212409063825,0.3974019848786795,0.42602780830359,0.17657020681773042,0.6025980151213205,0.1765702068177305,0.3076285042588324
Acetate Only,1000,0.0,30,"(2, 1)",0.2473107095749277,-38.10736531551948,60.0,23.84411909272077,25.5616684982154,10.594212409063825,0.3974019848786795,0.42602780830359,0.17657020681773042,0.6025980151213205,0.1765702068177305,0.3076285042588324
Acetate Only,1000,0.0,30,"(3, 1)",0.2473107095749277,-38.10736531551948,60.0,23.84411909272077,25.5616684982154,10.594212409063825,0.3974019848786795,0.42602780830359,0.17657020681773042,0.6025980151213205,0.1765702068177305,0.3076285042588324
Acetate Only,1000,0.0,30,"(4, 1)",0.2473107095749277,-38.10736531551948,60.0,23.84411909272077,25.5616684982154,10.594212409063825,0.3974019848786795,0.42602780830359,0.17657020681773042,0.6025980151213205,0.1765702068177305,0.3076285042588324
Acetate Only,1000,0.0,30,"(5, 1)",0.2473107095749277,-38.10736531551948,60.0,23.84411909272077,25.5616684982154,10.594212409063825,0.3974019848786795,0.42602780830359,0.17657020681773042,0.6025980151213205,0.1765702068177305,0.3076285042588324
"Glucose 8mM, Acetate 4mM",0,6.667,10,"(1, 1)",0.0,,,,,,,,,,,
"Glucose 8mM, Acetate 4mM",0,6.667,10,"(2, 1)",0.0,,,,,,,,,,,
"Glucose 8mM, Acetate 4mM",0,6.667,10,"(3, 1)",0.0,,,,,,,,,,,
"Glucose 8mM, Acetate 4mM",0,6.667,10,"(4, 1)",0.0,,,,,,,,,,,
"Glucose 8mM, Acetate 4mM",0,6.667,10,"(5, 1)",0.0,,,,,,,,,,,
"Glucose 8mM, Acetate 4mM",5,6.667,10,"(1, 1)",0.31896043730380813,-5.0,40.001999999999995,13.100480273107559,13.23800054999453,13.663519176897909,0.3274956320460867,0.33093346707650945,0.3415709008774039,0.6725043679539133,0.3415709008774038,0.5105185868211157
"Glucose 8mM, Acetate 4mM",5,6.667,10,"(2, 1)",0.31896043730380813,-5.0,40.001999999999995,13.100480273107559,13.23800054999453,13.663519176897909,0.3274956320460867,0.33093346707650945,0.3415709008774039,0.6725043679539133,0.3415709008774038,0.5105185868211157
"Glucose 8mM, Acetate 4mM",5,6.667,10,"(3, 1)",0.31896043730380813,-5.0,40.001999999999995,13.100480273107559,13.23800054999453,13.663519176897909,0.3274956320460867,0.33093346707650945,0.3415709008774039,0.6725043679539133,0.3415709008774038,0.5105185868211157
"Glucose 8mM, Acetate 4mM",5,6.667,10,"(4, 1)",0.31896043730380813,-5.0,40.001999999999995,13.100480273107559,13.23800054999453,13.663519176897909,0.3274956320460867,0.33093346707650945,0.3415709008774039,0.6725043679539133,0.3415709008774038,0.5105185868211157
"Glucose 8mM, Acetate 4mM",5,6.667,10,"(5, 1)",0.31896043730380813,-5.0,40.001999999999995,13.100480273107559,13.23800054999453,13.663519176897909,0.3274956320460867,0.33093346707650945,0.3415709008774039,0.6725043679539133,0.3415709008774038,0.5105185868211157
"Glucose 8mM, Acetate 4mM",10,6.667,10,"(1, 1)",0.40043442681116814,-10.0,40.001999999999995,16.36760608150318,6.480719575467172,17.153674343029643,0.4091696935529019,0.16200988889223472,0.4288204175548634,0.5908303064470981,0.42882041755486333,0.5117249140183675
"Glucose 8mM, Acetate 4mM",10,6.667,10,"(2, 1)",0.40043442681116814,-10.0,40.001999999999995,16.36760608150318,6.480719575467172,17.153674343029643,0.4091696935529019,0.16200988889223472,0.4288204175548634,0.5908303064470981,0.42882041755486333,0.5117249140183675
"Glucose 8mM, Acetate 4mM",10,6.667,10,"(3, 1)",0.40043442681116814,-10.0,40.001999999999995,16.36760608150318,6.480719575467172,17.153674343029643,0.4091696935529019,0.16200988889223472,0.4288204175548634,0.5908303064470981,0.42882041755486333,0.5117249140183675
"Glucose 8mM, Acetate 4mM",10,6.667,10,"(4, 1)",0.40043442681116814,-10.0,40.001999999999995,16.36760608150318,6.480719575467172,17.153674343029643,0.4091696935529019,0.16200988889223472,0.4288204175548634,0.5908303064470981,0.42882041755486333,0.5117249140183675
"Glucose 8mM, Acetate 4mM",10,6.667,10,"(5, 1)",0.40043442681116814,-10.0,40.001999999999995,16.36760608150318,6.480719575467172,17.153674343029643,0.4091696935529019,0.16200988889223472,0.4288204175548634,0.5908303064470981,0.42882041755486333,0.5117249140183675
"Glucose 8mM, Acetate 4mM",20,6.667,10,"(1, 1)",0.5633824058275025,-20.0,47.06968523149814,22.901857698576645,0.03384285779648706,24.13398467512501,0.48655217441843346,0.0007189947761503207,0.5127288308054162,0.5134478255815665,0.5127288308054163,0.5130977454040162
"Glucose 8mM, Acetate 4mM",20,6.667,10,"(2, 1)",0.5633824058275025,-20.0,47.06968523149814,22.901857698576645,0.03384285779648706,24.13398467512501,0.48655217441843346,0.0007189947761503207,0.5127288308054162,0.5134478255815665,0.5127288308054163,0.5130977454040162
"Glucose 8mM, Acetate 4mM",20,6.667,10,"(3, 1)",0.5633824058275025,-20.0,47.06968523149814,22.901857698576645,0.03384285779648706,24.13398467512501,0.48655217441843346,0.0007189947761503207,0.5127288308054162,0.5134478255815665,0.5127288308054163,0.5130977454040162
"Glucose 8mM, Acetate 4mM",20,6.667,10,"(4, 1)",0.5633824058275025,-20.0,47.06968523149814,22.901857698576645,0.03384285779648706,24.13398467512501,0.48655217441843346,0.0007189947761503207,0.5127288308054162,0.5134478255815665,0.5127288308054163,0.5130977454040162
"Glucose 8mM, Acetate 4mM",20,6.667,10,"(5, 1)",0.5633824058275025,-20.0,47.06968523149814,22.901857698576645,0.03384285779648706,24.13398467512501,0.48655217441843346,0.0007189947761503207,0.5127288308054162,0.5134478255815665,0.5127288308054163,0.5130977454040162
"Glucose 8mM, Acetate 4mM",30,6.667,10,"(1, 1)",0.6518020587917481,-27.549770823438443,60.001999999999995,27.58695622213277,4.493367958069894,27.921675819797333,0.4597672781262753,0.07488696973550706,0.46534575213821766,0.5402327218737246,0.4653457521382176,0.503015022937439
"Glucose 8mM, Acetate 4mM",30,6.667,10,"(2, 1)",0.6518020587917481,-27.549770823438443,60.001999999999995,27.58695622213277,4.493367958069894,27.921675819797333,0.4597672781262753,0.07488696973550706,0.46534575213821766,0.5402327218737246,0.4653457521382176,0.503015022937439
"Glucose 8mM, Acetate 4mM",30,6.667,10,"(3, 1)",0.6518020587917481,-27.549770823438443,60.001999999999995,27.58695622213277,4.493367958069894,27.921675819797333,0.4597672781262753,0.07488696973550706,0.46534575213821766,0.5402327218737246,0.4653457521382176,0.503015022937439
"Glucose 8mM, Acetate 4mM",30,6.667,10,"(4, 1)",0.6518020587917481,-27.549770823438443,60.001999999999995,27.58695622213277,4.493367958069894,27.921675819797333,0.4597672781262753,0.07488696973550706,0.46534575213821766,0.5402327218737246,0.4653457521382176,0.503015022937439
"Glucose 8mM, Acetate 4mM",30,6.667,10,"(5, 1)",0.6518020587917481,-27.549770823438443,60.001999999999995,27.58695622213277,4.493367958069894,27.921675819797333,0.4597672781262753,0.07488696973550706,0.46534575213821766,0.5402327218737246,0.4653457521382176,0.503015022937439
"Glucose 8mM, Acetate 4mM",1000,6.667,10,"(1, 1)",0.6518020587917487,-27.54977082349026,60.001999999999995,27.586956222132795,4.493367958069896,27.9216758197973,0.4597672781262757,0.0748869697355071,0.4653457521382171,0.5402327218737243,0.46534575213821716,0.5030150229374385
"Glucose 8mM, Acetate 4mM",1000,6.667,10,"(2, 1)",0.6518020587917487,-27.54977082349026,60.001999999999995,27.586956222132795,4.493367958069896,27.9216758197973,0.4597672781262757,0.0748869697355071,0.4653457521382171,0.5402327218737243,0.46534575213821716,0.5030150229374385
"Glucose 8mM, Acetate 4mM",1000,6.667,10,"(3, 1)",0.6518020587917487,-27.54977082349026,60.001999999999995,27.586956222132795,4.493367958069896,27.9216758197973,0.4597672781262757,0.0748869697355071,0.4653457521382171,0.5402327218737243,0.46534575213821716,0.5030150229374385
"Glucose 8mM, Acetate 4mM",1000,6.667,10,"(4, 1)",0.6518020587917487,-27.54977082349026,60.001999999999995,27.586956222132795,4.493367958069896,27.9216758197973,0.4597672781262757,0.0748869697355071,0.4653457521382171,0.5402327218737243,0.46534575213821716,0.5030150229374385
"Glucose 8mM, Acetate 4mM",1000,6.667,10,"(5, 1)",0.6518020587917487,-27.54977082349026,60.001999999999995,27.586956222132795,4.493367958069896,27.9216758197973,0.4597672781262757,0.0748869697355071,0.4653457521382171,0.5402327218737243,0.46534575213821716,0.5030150229374385
"Acetate 8mM, Glucose 4mM",0,3.333,20,"(1, 1)",0.0,,,,,,,,,,,
"Acetate 8mM, Glucose 4mM",0,3.333,20,"(2, 1)",0.0,,,,,,,,,,,
"Acetate 8mM, Glucose 4mM",0,3.333,20,"(3, 1)",0.0,,,,,,,,,,,
"Acetate 8mM, Glucose 4mM",0,3.333,20,"(4, 1)",0.0,,,,,,,,,,,
"Acetate 8mM, Glucose 4mM",0,3.333,20,"(5, 1)",0.0,,,,,,,,,,,
"Acetate 8mM, Glucose 4mM",5,3.333,20,"(1, 1)",0.20019940281252896,-5.0,19.998,8.183065576039983,3.238860216597794,8.576074207362224,0.4091941982218213,0.16195920675056477,0.4288465950276139,0.5908058017781788,0.4288465950276139,0.5117252029758552
"Acetate 8mM, Glucose 4mM",5,3.333,20,"(2, 1)",0.20019940281252896,-5.0,19.998,8.183065576039983,3.238860216597794,8.576074207362224,0.4091941982218213,0.16195920675056477,0.4288465950276139,0.5908058017781788,0.4288465950276139,0.5117252029758552
"Acetate 8mM, Glucose 4mM",5,3.333,20,"(3, 1)",0.20019940281252896,-5.0,19.998,8.183065576039983,3.238860216597794,8.576074207362224,0.4091941982218213,0.16195920675056477,0.4288465950276139,0.5908058017781788,0.4288465950276139,0.5117252029758552
"Acetate 8mM, Glucose 4mM",5,3.333,20,"(4, 1)",0.20019940281252896,-5.0,19.998,8.183065576039983,3.238860216597794,8.576074207362224,0.4091941982218213,0.16195920675056477,0.4288465950276139,0.5908058017781788,0.4288465950276139,0.5117252029758552
"Acetate 8mM, Glucose 4mM",5,3.333,20,"(5, 1)",0.20019940281252896,-5.0,19.998,8.183065576039983,3.238860216597794,8.576074207362224,0.4091941982218213,0.16195920675056477,0.4288465950276139,0.5908058017781788,0.4288465950276139,0.5117252029758552
"Acetate 8mM, Glucose 4mM",10,3.333,20,"(1, 1)",0.28167339232069616,-10.0,23.533341116979713,11.450191384576703,0.016920359000849143,12.06622937340216,0.4865518809105772,0.0007189951871577135,0.5127291239022651,0.5134481190894228,0.5127291239022651,0.5130980389227906
"Acetate 8mM, Glucose 4mM",10,3.333,20,"(2, 1)",0.28167339232069616,-10.0,23.533341116979713,11.450191384576703,0.016920359000849143,12.06622937340216,0.4865518809105772,0.0007189951871577135,0.5127291239022651,0.5134481190894228,0.5127291239022651,0.5130980389227906
"Acetate 8mM, Glucose 4mM",10,3.333,20,"(3, 1)",0.28167339232069616,-10.0,23.533341116979713,11.450191384576703,0.016920359000849143,12.06622937340216,0.4865518809105772,0.0007189951871577135,0.5127291239022651,0.5134481190894228,0.5127291239022651,0.5130980389227906
"Acetate 8mM, Glucose 4mM",10,3.333,20,"(4, 1)",0.28167339232069616,-10.0,23.533341116979713,11.450191384576703,0.016920359000849143,12.06622937340216,0.4865518809105772,0.0007189951871577135,0.5127291239022651,0.5134481190894228,0.5127291239022651,0.5130980389227906
"Acetate 8mM, Glucose 4mM",10,3.333,20,"(5, 1)",0.28167339232069616,-10.0,23.533341116979713,11.450191384576703,0.016920359000849143,12.06622937340216,0.4865518809105772,0.0007189951871577135,0.5127291239022651,0.5134481190894228,0.5127291239022651,0.5130980389227906
"Acetate 8mM, Glucose 4mM",20,3.333,20,"(1, 1)",0.38593775455135676,-20.0,41.67360973871478,17.563659519226114,7.577279412682652,16.532670806806014,0.4214575994099565,0.18182440782525638,0.39671799276478714,0.5785424005900435,0.39671799276478714,0.4848812364474168
"Acetate 8mM, Glucose 4mM",20,3.333,20,"(2, 1)",0.38593775455135676,-20.0,41.67360973871478,17.563659519226114,7.577279412682652,16.532670806806014,0.4214575994099565,0.18182440782525638,0.39671799276478714,0.5785424005900435,0.39671799276478714,0.4848812364474168
"Acetate 8mM, Glucose 4mM",20,3.333,20,"(3, 1)",0.38593775455135676,-20.0,41.67360973871478,17.563659519226114,7.577279412682652,16.532670806806014,0.4214575994099565,0.18182440782525638,0.39671799276478714,0.5785424005900435,0.39671799276478714,0.4848812364474168
"Acetate 8mM, Glucose 4mM",20,3.333,20,"(4, 1)",0.38593775455135676,-20.0,41.67360973871478,17.563659519226114,7.577279412682652,16.532670806806014,0.4214575994099565,0.18182440782525638,0.39671799276478714,0.5785424005900435,0.39671799276478714,0.4848812364474168
"Acetate 8mM, Glucose 4mM",20,3.333,20,"(5, 1)",0.38593775455135676,-20.0,41.67360973871478,17.563659519226114,7.577279412682652,16.532670806806014,0.4214575994099565,0.18182440782525638,0.39671799276478714,0.5785424005900435,0.39671799276478714,0.4848812364474168
"Acetate 8mM, Glucose 4mM",30,3.333,20,"(1, 1)",0.48022753681179026,-29.772049161693,59.998000000000005,23.483291100624644,15.942884337428563,20.5718245619468,0.3914012317181346,0.26572359641035637,0.34287517187150907,0.6085987682818654,0.34287517187150895,0.46695654415054255
"Acetate 8mM, Glucose 4mM",30,3.333,20,"(2, 1)",0.48022753681179026,-29.772049161693,59.998000000000005,23.483291100624644,15.942884337428563,20.5718245619468,0.3914012317181346,0.26572359641035637,0.34287517187150907,0.6085987682818654,0.34287517187150895,0.46695654415054255
"Acetate 8mM, Glucose 4mM",30,3.333,20,"(3, 1)",0.48022753681179026,-29.772049161693,59.998000000000005,23.483291100624644,15.942884337428563,20.5718245619468,0.3914012317181346,0.26572359641035637,0.34287517187150907,0.6085987682818654,0.34287517187150895,0.46695654415054255
"Acetate 8mM, Glucose 4mM",30,3.333,20,"(4, 1)",0.48022753681179026,-29.772049161693,59.998000000000005,23.483291100624644,15.942884337428563,20.5718245619468,0.3914012317181346,0.26572359641035637,0.34287517187150907,0.6085987682818654,0.34287517187150895,0.46695654415054255
"Acetate 8mM, Glucose 4mM",30,3.333,20,"(5, 1)",0.48022753681179026,-29.772049161693,59.998000000000005,23.483291100624644,15.942884337428563,20.5718245619468,0.3914012317181346,0.26572359641035637,0.34287517187150907,0.6085987682818654,0.34287517187150895,0.46695654415054255
"Acetate 8mM, Glucose 4mM",1000,3.333,20,"(1, 1)",0.4802275368114618,-29.77204916170513,59.998000000000005,23.48329110062497,15.942884337428659,20.57182456194638,0.39140123171814006,0.265723596410358,0.342875171871502,0.6085987682818599,0.34287517187150185,0.46695654415053395
"Acetate 8mM, Glucose 4mM",1000,3.333,20,"(2, 1)",0.4802275368114618,-29.77204916170513,59.998000000000005,23.48329110062497,15.942884337428659,20.57182456194638,0.39140123171814006,0.265723596410358,0.342875171871502,0.6085987682818599,0.34287517187150185,0.46695654415053395
"Acetate 8mM, Glucose 4mM",1000,3.333,20,"(3, 1)",0.4802275368114618,-29.77204916170513,59.998000000000005,23.48329110062497,15.942884337428659,20.57182456194638,0.39140123171814006,0.265723596410358,0.342875171871502,0.6085987682818599,0.34287517187150185,0.46695654415053395
"Acetate 8mM, Glucose 4mM",1000,3.333,20,"(4, 1)",0.4802275368114618,-29.77204916170513,59.998000000000005,23.48329110062497,15.942884337428659,20.57182456194638,0.39140123171814006,0.265723596410358,0.342875171871502,0.6085987682818599,0.34287517187150185,0.46695654415053395
"Acetate 8mM, Glucose 4mM",1000,3.333,20,"(5, 1)",0.4802275368114618,-29.77204916170513,59.998000000000005,23.48329110062497,15.942884337428659,20.57182456194638,0.39140123171814006,0.265723596410358,0.342875171871502,0.6085987682818599,0.34287517187150185,0.46695654415053395
